laborant@k3s-01:~$ k version
Client Version: v1.35.0
Kustomize Version: v5.7.1
Server Version: v1.35.0+k3s3
laborant@k3s-01:~$ helm
The Kubernetes package manager

Common actions for Helm:

- helm search:    search for charts
- helm pull:      download a chart to your local directory to view
- helm install:   upload the chart to Kubernetes
- helm list:      list releases of charts

Environment variables:

| Name                               | Description                                                                                                |
|------------------------------------|------------------------------------------------------------------------------------------------------------|
| $HELM_CACHE_HOME                   | set an alternative location for storing cached files.                                                      |
| $HELM_CONFIG_HOME                  | set an alternative location for storing Helm configuration.                                                |
| $HELM_DATA_HOME                    | set an alternative location for storing Helm data.                                                         |
| $HELM_DEBUG                        | indicate whether or not Helm is running in Debug mode                                                      |
| $HELM_DRIVER                       | set the backend storage driver. Values are: configmap, secret, memory, sql.                                |
| $HELM_DRIVER_SQL_CONNECTION_STRING | set the connection string the SQL storage driver should use.                                               |
| $HELM_MAX_HISTORY                  | set the maximum number of helm release history.                                                            |
| $HELM_NAMESPACE                    | set the namespace used for the helm operations.                                                            |
| $HELM_NO_PLUGINS                   | disable plugins. Set HELM_NO_PLUGINS=1 to disable plugins.                                                 |
| $HELM_PLUGINS                      | set the path to the plugins directory                                                                      |
| $HELM_REGISTRY_CONFIG              | set the path to the registry config file.                                                                  |
| $HELM_REPOSITORY_CACHE             | set the path to the repository cache directory                                                             |
| $HELM_REPOSITORY_CONFIG            | set the path to the repositories file.                                                                     |
| $KUBECONFIG                        | set an alternative Kubernetes configuration file (default "~/.kube/config")                                |
| $HELM_KUBEAPISERVER                | set the Kubernetes API Server Endpoint for authentication                                                  |
| $HELM_KUBECAFILE                   | set the Kubernetes certificate authority file.                                                             |
| $HELM_KUBEASGROUPS                 | set the Groups to use for impersonation using a comma-separated list.                                      |
| $HELM_KUBEASUSER                   | set the Username to impersonate for the operation.                                                         |
| $HELM_KUBECONTEXT                  | set the name of the kubeconfig context.                                                                    |
| $HELM_KUBETOKEN                    | set the Bearer KubeToken used for authentication.                                                          |
| $HELM_KUBEINSECURE_SKIP_TLS_VERIFY | indicate if the Kubernetes API server's certificate validation should be skipped (insecure)                |
| $HELM_KUBETLS_SERVER_NAME          | set the server name used to validate the Kubernetes API server certificate                                 |
| $HELM_BURST_LIMIT                  | set the default burst limit in the case the server contains many CRDs (default 100, -1 to disable)         |
| $HELM_QPS                          | set the Queries Per Second in cases where a high number of calls exceed the option for higher burst values |
| $HELM_COLOR                        | set color output mode. Allowed values: never, always, auto (default: never)                                |
| $NO_COLOR                          | set to any non-empty value to disable all colored output (overrides $HELM_COLOR)                           |

Helm stores cache, configuration, and data based on the following configuration order:

- If a HELM_*_HOME environment variable is set, it will be used
- Otherwise, on systems supporting the XDG base directory specification, the XDG variables will be used
- When no other location is set a default location will be used based on the operating system

By default, the default directories depend on the Operating System. The defaults are listed below:

| Operating System | Cache Path                | Configuration Path             | Data Path               |
|------------------|---------------------------|--------------------------------|-------------------------|
| Linux            | $HOME/.cache/helm         | $HOME/.config/helm             | $HOME/.local/share/helm |
| macOS            | $HOME/Library/Caches/helm | $HOME/Library/Preferences/helm | $HOME/Library/helm      |
| Windows          | %TEMP%\helm               | %APPDATA%\helm                 | %APPDATA%\helm          |

Usage:
  helm [command]

Available Commands:
  completion  generate autocompletion scripts for the specified shell
  create      create a new chart with the given name
  dependency  manage a chart's dependencies
  env         helm client environment information
  get         download extended information of a named release
  help        Help about any command
  history     fetch release history
  install     install a chart
  lint        examine a chart for possible issues
  list        list releases
  package     package a chart directory into a chart archive
  plugin      install, list, or uninstall Helm plugins
  pull        download a chart from a repository and (optionally) unpack it in local directory
  push        push a chart to remote
  registry    login to or logout from a registry
  repo        add, list, remove, update, and index chart repositories
  rollback    roll back a release to a previous revision
  search      search for a keyword in charts
  show        show information of a chart
  status      display the status of the named release
  template    locally render templates
  test        run tests for a release
  uninstall   uninstall a release
  upgrade     upgrade a release
  verify      verify that a chart at the given path has been signed and is valid
  version     print the helm version information

Flags:
      --burst-limit int                 client-side default throttling limit (default 100)
      --color string                    use colored output (never, auto, always) (default "auto")
      --colour string                   use colored output (never, auto, always) (default "auto")
      --content-cache string            path to the directory containing cached content (e.g. charts) (default "/home/laborant/.cache/helm/content")
      --debug                           enable verbose output
  -h, --help                            help for helm
      --kube-apiserver string           the address and the port for the Kubernetes API server
      --kube-as-group stringArray       group to impersonate for the operation, this flag can be repeated to specify multiple groups.
      --kube-as-user string             username to impersonate for the operation
      --kube-ca-file string             the certificate authority file for the Kubernetes API server connection
      --kube-context string             name of the kubeconfig context to use
      --kube-insecure-skip-tls-verify   if true, the Kubernetes API server's certificate will not be checked for validity. This will make your HTTPS connections insecure
      --kube-tls-server-name string     server name to use for Kubernetes API server certificate validation. If it is not provided, the hostname used to contact the server is used
      --kube-token string               bearer token used for authentication
      --kubeconfig string               path to the kubeconfig file
  -n, --namespace string                namespace scope for this request
      --qps float32                     queries per second used when communicating with the Kubernetes API, not including bursting
      --registry-config string          path to the registry config file (default "/home/laborant/.config/helm/registry/config.json")
      --repository-cache string         path to the directory containing cached repository indexes (default "/home/laborant/.cache/helm/repository")
      --repository-config string        path to the file containing repository names and URLs (default "/home/laborant/.config/helm/repositories.yaml")

Use "helm [command] --help" for more information about a command.
laborant@k3s-01:~$ k version
Client Version: v1.35.0
Kustomize Version: v5.7.1
Server Version: v1.35.0+k3s3
laborant@k3s-01:~$ helm version
version.BuildInfo{Version:"v4.1.1", GitCommit:"5caf0044d4ef3d62a955440272999e139aafbbed", GitTreeState:"clean", GoVersion:"go1.25.7", KubeClientVersion:"v1.35"}
laborant@k3s-01:~$ which helm
/usr/local/bin/helm
laborant@k3s-01:~$ ls -al /usr/local/bin/helm 
-rwxr-xr-x 1 root root 62808248 Feb 10 12:35 /usr/local/bin/helm
laborant@k3s-01:~$ rm /usr/local/bin/helm 
rm: remove write-protected regular file '/usr/local/bin/helm'? 
laborant@k3s-01:~$ rm /usr/local/bin/helm 
rm: remove write-protected regular file '/usr/local/bin/helm'? 
laborant@k3s-01:~$ ls -al /usr/local/bin/helm 
-rwxr-xr-x 1 root root 62808248 Feb 10 12:35 /usr/local/bin/helm
laborant@k3s-01:~$ rm -rf /usr/local/bin/helm 
rm: cannot remove '/usr/local/bin/helm': Permission denied
laborant@k3s-01:~$ sudo rm -rf /usr/local/bin/helm 
laborant@k3s-01:~$ ls -al /usr/local/bin/helm 
ls: cannot access '/usr/local/bin/helm': No such file or directory
laborant@k3s-01:~$ uname -a
Linux k3s-01 6.1.160 #1 SMP PREEMPT_DYNAMIC Fri Jan 16 19:02:54 UTC 2026 x86_64 x86_64 x86_64 GNU/Linux
laborant@k3s-01:~$ cat /etc/os-release 
PRETTY_NAME="Ubuntu 24.04.4 LTS"
NAME="Ubuntu"
VERSION_ID="24.04"
VERSION="24.04.4 LTS (Noble Numbat)"
VERSION_CODENAME=noble
ID=ubuntu
ID_LIKE=debian
HOME_URL="https://www.ubuntu.com/"
SUPPORT_URL="https://help.ubuntu.com/"
BUG_REPORT_URL="https://bugs.launchpad.net/ubuntu/"
PRIVACY_POLICY_URL="https://www.ubuntu.com/legal/terms-and-policies/privacy-policy"
UBUNTU_CODENAME=noble
LOGO=ubuntu-logo
laborant@k3s-01:~$ wget https://get.helm.sh/helm-v3.20.1-linux-amd64.tar.gz
--2026-03-15 10:48:32--  https://get.helm.sh/helm-v3.20.1-linux-amd64.tar.gz
Resolving get.helm.sh (get.helm.sh)... 150.171.109.129, 2620:1ec:46::68, 2620:1ec:bdf::68
Connecting to get.helm.sh (get.helm.sh)|150.171.109.129|:443... connected.
HTTP request sent, awaiting response... 200 OK
Length: 17456631 (17M) [application/x-tar]
Saving to: ‘helm-v3.20.1-linux-amd64.tar.gz’

helm-v3.20.1-linux-amd64.tar.gz      100%[====================================================================>]  16.65M  40.3MB/s    in 0.4s    

2026-03-15 10:48:33 (40.3 MB/s) - ‘helm-v3.20.1-linux-amd64.tar.gz’ saved [17456631/17456631]

laborant@k3s-01:~$ ls
helm-v3.20.1-linux-amd64.tar.gz
laborant@k3s-01:~$ tar xvzf helm-v3.20.1-linux-amd64.tar.gz 
linux-amd64/
linux-amd64/README.md
linux-amd64/LICENSE
linux-amd64/helm
laborant@k3s-01:~$ ls
helm-v3.20.1-linux-amd64.tar.gz  linux-amd64
laborant@k3s-01:~$ cp linux-amd64/helm /usr/local/bin/helm
cp: cannot create regular file '/usr/local/bin/helm': Permission denied
laborant@k3s-01:~$ sudo cp linux-amd64/helm /usr/local/bin/helm
laborant@k3s-01:~$ helm
The Kubernetes package manager

Common actions for Helm:

- helm search:    search for charts
- helm pull:      download a chart to your local directory to view
- helm install:   upload the chart to Kubernetes
- helm list:      list releases of charts

Environment variables:

| Name                               | Description                                                                                                |
|------------------------------------|------------------------------------------------------------------------------------------------------------|
| $HELM_CACHE_HOME                   | set an alternative location for storing cached files.                                                      |
| $HELM_CONFIG_HOME                  | set an alternative location for storing Helm configuration.                                                |
| $HELM_DATA_HOME                    | set an alternative location for storing Helm data.                                                         |
| $HELM_DEBUG                        | indicate whether or not Helm is running in Debug mode                                                      |
| $HELM_DRIVER                       | set the backend storage driver. Values are: configmap, secret, memory, sql.                                |
| $HELM_DRIVER_SQL_CONNECTION_STRING | set the connection string the SQL storage driver should use.                                               |
| $HELM_MAX_HISTORY                  | set the maximum number of helm release history.                                                            |
| $HELM_NAMESPACE                    | set the namespace used for the helm operations.                                                            |
| $HELM_NO_PLUGINS                   | disable plugins. Set HELM_NO_PLUGINS=1 to disable plugins.                                                 |
| $HELM_PLUGINS                      | set the path to the plugins directory                                                                      |
| $HELM_REGISTRY_CONFIG              | set the path to the registry config file.                                                                  |
| $HELM_REPOSITORY_CACHE             | set the path to the repository cache directory                                                             |
| $HELM_REPOSITORY_CONFIG            | set the path to the repositories file.                                                                     |
| $KUBECONFIG                        | set an alternative Kubernetes configuration file (default "~/.kube/config")                                |
| $HELM_KUBEAPISERVER                | set the Kubernetes API Server Endpoint for authentication                                                  |
| $HELM_KUBECAFILE                   | set the Kubernetes certificate authority file.                                                             |
| $HELM_KUBEASGROUPS                 | set the Groups to use for impersonation using a comma-separated list.                                      |
| $HELM_KUBEASUSER                   | set the Username to impersonate for the operation.                                                         |
| $HELM_KUBECONTEXT                  | set the name of the kubeconfig context.                                                                    |
| $HELM_KUBETOKEN                    | set the Bearer KubeToken used for authentication.                                                          |
| $HELM_KUBEINSECURE_SKIP_TLS_VERIFY | indicate if the Kubernetes API server's certificate validation should be skipped (insecure)                |
| $HELM_KUBETLS_SERVER_NAME          | set the server name used to validate the Kubernetes API server certificate                                 |
| $HELM_BURST_LIMIT                  | set the default burst limit in the case the server contains many CRDs (default 100, -1 to disable)         |
| $HELM_QPS                          | set the Queries Per Second in cases where a high number of calls exceed the option for higher burst values |

Helm stores cache, configuration, and data based on the following configuration order:

- If a HELM_*_HOME environment variable is set, it will be used
- Otherwise, on systems supporting the XDG base directory specification, the XDG variables will be used
- When no other location is set a default location will be used based on the operating system

By default, the default directories depend on the Operating System. The defaults are listed below:

| Operating System | Cache Path                | Configuration Path             | Data Path               |
|------------------|---------------------------|--------------------------------|-------------------------|
| Linux            | $HOME/.cache/helm         | $HOME/.config/helm             | $HOME/.local/share/helm |
| macOS            | $HOME/Library/Caches/helm | $HOME/Library/Preferences/helm | $HOME/Library/helm      |
| Windows          | %TEMP%\helm               | %APPDATA%\helm                 | %APPDATA%\helm          |

Usage:
  helm [command]

Available Commands:
  completion  generate autocompletion scripts for the specified shell
  create      create a new chart with the given name
  dependency  manage a chart's dependencies
  env         helm client environment information
  get         download extended information of a named release
  help        Help about any command
  history     fetch release history
  install     install a chart
  lint        examine a chart for possible issues
  list        list releases
  package     package a chart directory into a chart archive
  plugin      install, list, or uninstall Helm plugins
  pull        download a chart from a repository and (optionally) unpack it in local directory
  push        push a chart to remote
  registry    login to or logout from a registry
  repo        add, list, remove, update, and index chart repositories
  rollback    roll back a release to a previous revision
  search      search for a keyword in charts
  show        show information of a chart
  status      display the status of the named release
  template    locally render templates
  test        run tests for a release
  uninstall   uninstall a release
  upgrade     upgrade a release
  verify      verify that a chart at the given path has been signed and is valid
  version     print the client version information

Flags:
      --burst-limit int                 client-side default throttling limit (default 100)
      --debug                           enable verbose output
  -h, --help                            help for helm
      --kube-apiserver string           the address and the port for the Kubernetes API server
      --kube-as-group stringArray       group to impersonate for the operation, this flag can be repeated to specify multiple groups.
      --kube-as-user string             username to impersonate for the operation
      --kube-ca-file string             the certificate authority file for the Kubernetes API server connection
      --kube-context string             name of the kubeconfig context to use
      --kube-insecure-skip-tls-verify   if true, the Kubernetes API server's certificate will not be checked for validity. This will make your HTTPS connections insecure
      --kube-tls-server-name string     server name to use for Kubernetes API server certificate validation. If it is not provided, the hostname used to contact the server is used
      --kube-token string               bearer token used for authentication
      --kubeconfig string               path to the kubeconfig file
  -n, --namespace string                namespace scope for this request
      --qps float32                     queries per second used when communicating with the Kubernetes API, not including bursting
      --registry-config string          path to the registry config file (default "/home/laborant/.config/helm/registry/config.json")
      --repository-cache string         path to the directory containing cached repository indexes (default "/home/laborant/.cache/helm/repository")
      --repository-config string        path to the file containing repository names and URLs (default "/home/laborant/.config/helm/repositories.yaml")

Use "helm [command] --help" for more information about a command.
laborant@k3s-01:~$ helm version
version.BuildInfo{Version:"v3.20.1", GitCommit:"a2369ca71c0ef633bf6e4fccd66d634eb379b371", GitTreeState:"clean", GoVersion:"go1.25.8"}
laborant@k3s-01:~$ kind
-bash: kind: command not found
laborant@k3s-01:~$ docker
-bash: docker: command not found
laborant@k3s-01:~$ podman
-bash: podman: command not found
laborant@k3s-01:~$ k version
Client Version: v1.35.0
Kustomize Version: v5.7.1
Server Version: v1.35.0+k3s3
laborant@k3s-01:~$ k get nodes
NAME     STATUS   ROLES           AGE   VERSION
k3s-01   Ready    control-plane   31m   v1.35.0+k3s3
laborant@k3s-01:~$ cr
crane   crictl  
laborant@k3s-01:~$ crictl 
WARN[0000] Failed to stat /var/lib/rancher/k3s/agent/etc/crictl.yaml: permission denied 
WARN[0000] Config "" does not exist, trying next: "/var/lib/rancher/k3s/data/a51e797648fdc7b587765279f09f23455dd719344d4a4e5d033f7c185300fe03/bin/crictl.yaml" 
FATA[0000] load config file: stat /var/lib/rancher/k3s/data/a51e797648fdc7b587765279f09f23455dd719344d4a4e5d033f7c185300fe03/bin/crictl.yaml: no such file or directory 
laborant@k3s-01:~$ sudo crictl 
NAME:
   crictl - client for CRI

USAGE:
   crictl [global options] command [command options]

VERSION:
   v1.35.0-k3s2

COMMANDS:
   attach                 Attach to a running container
   checkpoint             Checkpoint one or more running containers
   completion             Output shell completion code
   config                 Get, set and list crictl configuration options
   create                 Create a new container
   events, event          Stream the events of containers
   exec                   Run a command in a running container
   imagefsinfo            Return image filesystem info
   images, image, img     List images
   info                   Display information of the container runtime
   inspect                Display the status of one or more containers
   inspecti               Return the status of one or more images
   inspectp               Display the status of one or more pods
   logs                   Fetch the logs of a container
   metricdescs            List metric descriptors. Returns information about the metrics available through the CRI.
   metricsp               List pod metrics. Metrics are unstructured key/value pairs gathered by CRI meant to replace cAdvisor's /metrics/cadvisor endpoint.
   pods                   List pods
   port-forward           Forward local port to a pod
   ps                     List containers
   pull                   Pull an image from a registry
   rm                     Remove one or more containers
   rmi                    Remove one or more images
   rmp                    Remove one or more pods
   run                    Run a new container inside a sandbox
   runp                   Run a new pod
   runtime-config         Retrieve the container runtime configuration
   start                  Start one or more created containers
   stats                  List container(s) resource usage statistics
   statsp                 List pod statistics. Stats represent a structured API that will fulfill the Kubelet's /stats/summary endpoint.
   stop                   Stop one or more running containers
   stopp                  Stop one or more running pods
   update                 Update one or more running containers
   update-runtime-config  Update the runtime configuration
   version                Display runtime version information
   help, h                Shows a list of commands or help for one command

GLOBAL OPTIONS:
   --config value, -c value                   Location of the client config file. If not specified and the default does not exist, the program's directory is searched as well (default: "/etc/crictl.yaml") [$CRI_CONFIG_FILE]
   --debug, -D                                Enable debug mode (default: false)
   --enable-tracing                           Enable OpenTelemetry tracing. (default: false)
   --image-endpoint value, -i value           Endpoint of CRI image manager service (default: uses 'runtime-endpoint' setting) [$IMAGE_SERVICE_ENDPOINT]
   --profile-cpu value                        Write a pprof CPU profile to the provided path.
   --profile-mem value                        Write a pprof memory profile to the provided path.
   --runtime-endpoint value, -r value         Endpoint of CRI container runtime service (default: uses in order the first successful one of [unix:///run/k3s/containerd/containerd.sock unix:///var/run/dockershim.sock unix:///run/containerd/containerd.sock unix:///run/crio/crio.sock unix:///var/run/cri-dockerd.sock]). Default is now deprecated and the endpoint should be set instead. [$CONTAINER_RUNTIME_ENDPOINT]
   --timeout value, -t value                  Timeout of connecting to the server in seconds (e.g. 2s, 20s.). 0 or less is set to default (default: 2s)
   --tracing-endpoint value                   Address to which the gRPC tracing collector will send spans to. (default: "127.0.0.1:4317")
   --tracing-sampling-rate-per-million value  Number of samples to collect per million OpenTelemetry spans. Set to 1000000 or -1 to always sample. (default: -1)
   --help, -h                                 Show help (default: false)
   --version, -v                              Print the version (default: false)
laborant@k3s-01:~$ sudo crictl ps
CONTAINER           IMAGE               CREATED             STATE               NAME                     ATTEMPT             POD ID              POD                                       NAMESPACE
d8c67e3c553dc       6b7e63164182b       31 minutes ago      Running             coredns                  0                   e46e5ae97d488       coredns-6b4688786f-8hfcg                  kube-system
6c426f5ea30c4       acccaf97bcb57       31 minutes ago      Running             local-path-provisioner   0                   83ebce83587d3       local-path-provisioner-6bc6568469-xlqvw   kube-system
laborant@k3s-01:~$ sudo crictl pods
POD ID              CREATED             STATE               NAME                                      NAMESPACE           ATTEMPT             RUNTIME
e46e5ae97d488       31 minutes ago      Ready               coredns-6b4688786f-8hfcg                  kube-system         0                   (default)
83ebce83587d3       31 minutes ago      Ready               local-path-provisioner-6bc6568469-xlqvw   kube-system         0                   (default)
laborant@k3s-01:~$ cr
crane   crictl  
laborant@k3s-01:~$ crictl info
WARN[0000] Failed to stat /var/lib/rancher/k3s/agent/etc/crictl.yaml: permission denied 
WARN[0000] Config "" does not exist, trying next: "/var/lib/rancher/k3s/data/a51e797648fdc7b587765279f09f23455dd719344d4a4e5d033f7c185300fe03/bin/crictl.yaml" 
FATA[0000] load config file: stat /var/lib/rancher/k3s/data/a51e797648fdc7b587765279f09f23455dd719344d4a4e5d033f7c185300fe03/bin/crictl.yaml: no such file or directory 
laborant@k3s-01:~$ sudo crictl info
{
  "cniconfig": {
    "Networks": [
      {
        "Config": {
          "CNIVersion": "0.3.1",
          "Name": "cni-loopback",
          "Plugins": [
            {
              "Network": {
                "ipam": {},
                "type": "loopback"
              },
              "Source": "{\"type\":\"loopback\"}"
            }
          ],
          "Source": "{\n\"cniVersion\": \"0.3.1\",\n\"name\": \"cni-loopback\",\n\"plugins\": [{\n  \"type\": \"loopback\"\n}]\n}"
        },
        "IFName": "lo"
      },
      {
        "Config": {
          "CNIVersion": "1.0.0",
          "Name": "cbr0",
          "Plugins": [
            {
              "Network": {
                "ipam": {},
                "type": "flannel"
              },
              "Source": "{\"delegate\":{\"forceAddress\":true,\"hairpinMode\":true,\"isDefaultGateway\":true},\"type\":\"flannel\"}"
            },
            {
              "Network": {
                "capabilities": {
                  "portMappings": true
                },
                "ipam": {},
                "type": "portmap"
              },
              "Source": "{\"capabilities\":{\"portMappings\":true},\"type\":\"portmap\"}"
            },
            {
              "Network": {
                "capabilities": {
                  "bandwidth": true
                },
                "ipam": {},
                "type": "bandwidth"
              },
              "Source": "{\"capabilities\":{\"bandwidth\":true},\"type\":\"bandwidth\"}"
            }
          ],
          "Source": "{\n  \"name\":\"cbr0\",\n  \"cniVersion\":\"1.0.0\",\n  \"plugins\":[\n    {\n      \"type\":\"flannel\",\n      \"delegate\":{\n        \"hairpinMode\":true,\n        \"forceAddress\":true,\n        \"isDefaultGateway\":true\n      }\n    },\n    {\n      \"type\":\"portmap\",\n      \"capabilities\":{\n        \"portMappings\":true\n      }\n    },\n    {\n      \"type\":\"bandwidth\",\n      \"capabilities\":{\n        \"bandwidth\":true\n      }\n    }\n  ]\n}\n"
        },
        "IFName": "eth0"
      }
    ],
    "PluginConfDir": "/var/lib/rancher/k3s/agent/etc/cni/net.d",
    "PluginDirs": [
      "/var/lib/rancher/k3s/data/cni"
    ],
    "PluginMaxConfNum": 1,
    "Prefix": "eth"
  },
  "config": {
    "cdiSpecDirs": [
      "/etc/cdi",
      "/var/run/cdi"
    ],
    "cni": {
      "binDir": "",
      "binDirs": [
        "/var/lib/rancher/k3s/data/cni"
      ],
      "confDir": "/var/lib/rancher/k3s/agent/etc/cni/net.d",
      "confTemplate": "",
      "ipPref": "",
      "maxConfNum": 1,
      "setupSerially": false,
      "useInternalLoopback": false
    },
    "containerd": {
      "defaultRuntimeName": "runc",
      "ignoreBlockIONotEnabledErrors": false,
      "ignoreRdtNotEnabledErrors": false,
      "runtimes": {
        "runc": {
          "ContainerAnnotations": null,
          "PodAnnotations": null,
          "baseRuntimeSpec": "",
          "cgroupWritable": false,
          "cniConfDir": "",
          "cniMaxConfNum": 0,
          "io_type": "",
          "options": {
            "BinaryName": "",
            "CriuImagePath": "",
            "CriuWorkPath": "",
            "IoGid": 0,
            "IoUid": 0,
            "NoNewKeyring": false,
            "Root": "",
            "ShimCgroup": "",
            "SystemdCgroup": true
          },
          "privileged_without_host_devices": false,
          "privileged_without_host_devices_all_devices_allowed": false,
          "runtimePath": "",
          "runtimeType": "io.containerd.runc.v2",
          "sandboxer": "podsandbox",
          "snapshotter": ""
        },
        "runhcs-wcow-process": {
          "ContainerAnnotations": null,
          "PodAnnotations": null,
          "baseRuntimeSpec": "",
          "cgroupWritable": false,
          "cniConfDir": "",
          "cniMaxConfNum": 0,
          "io_type": "",
          "options": null,
          "privileged_without_host_devices": false,
          "privileged_without_host_devices_all_devices_allowed": false,
          "runtimePath": "",
          "runtimeType": "io.containerd.runhcs.v1",
          "sandboxer": "podsandbox",
          "snapshotter": ""
        }
      }
    },
    "containerdEndpoint": "/run/k3s/containerd/containerd.sock",
    "containerdRootDir": "/var/lib/rancher/k3s/agent/containerd",
    "device_ownership_from_security_context": false,
    "disableApparmor": false,
    "disableHugetlbController": true,
    "disableProcMount": false,
    "drainExecSyncIOTimeout": "0s",
    "enableCDI": true,
    "enableSelinux": false,
    "enableUnprivilegedICMP": true,
    "enableUnprivilegedPorts": true,
    "ignoreDeprecationWarnings": null,
    "ignoreImageDefinedVolumes": false,
    "maxContainerLogLineSize": 16384,
    "netnsMountsUnderStateDir": false,
    "restrictOOMScoreAdj": false,
    "rootDir": "/var/lib/rancher/k3s/agent/containerd/io.containerd.grpc.v1.cri",
    "selinuxCategoryRange": 1024,
    "stateDir": "/run/k3s/containerd/io.containerd.grpc.v1.cri",
    "tolerateMissingHugetlbController": true,
    "unsetSeccompProfile": ""
  },
  "features": {
    "supplemental_groups_policy": true
  },
  "golang": "go1.25.5",
  "lastCNILoadStatus": "OK",
  "lastCNILoadStatus.default": "OK",
  "runtimeHandlers": [
    {
      "features": {
        "recursive_read_only_mounts": true,
        "user_namespaces": true
      }
    },
    {
      "features": {
        "recursive_read_only_mounts": true,
        "user_namespaces": true
      },
      "name": "runc"
    },
    {
      "name": "runhcs-wcow-process"
    }
  ],
  "status": {
    "conditions": [
      {
        "message": "",
        "reason": "",
        "status": true,
        "type": "RuntimeReady"
      },
      {
        "message": "",
        "reason": "",
        "status": true,
        "type": "NetworkReady"
      },
      {
        "message": "",
        "reason": "",
        "status": true,
        "type": "ContainerdHasNoDeprecationWarnings"
      }
    ]
  }
}
laborant@k3s-01:~$ ls
helm-v3.20.1-linux-amd64.tar.gz  linux-amd64  task_5b044399
laborant@k3s-01:~$ cd task_5b044399/
laborant@k3s-01:task_5b044399$ ls -al
total 3744
drwxr-xr-x  4 laborant laborant    4096 Mar 15 11:24 .
drwxr-x--- 12 laborant laborant    4096 Mar 15 10:49 ..
-rw-r--r--  1 laborant laborant    2245 Mar 15 11:24 codex_env_prompt.txt
-rw-r--r--  1 laborant laborant 3789065 Mar 15 11:24 codex_events.jsonl
-rw-r--r--  1 laborant laborant    1562 Mar 15 11:24 codex_last_message.md
-rw-r--r--  1 laborant laborant      81 Mar 15 11:24 codex_stderr.log
drwxr-xr-x  3 laborant laborant    4096 Mar 15 11:24 environment
-rw-r--r--  1 laborant laborant    1899 Mar 15 11:24 prompt.txt
-rw-r--r--  1 laborant laborant    2140 Mar 15 11:24 review.md
-rw-r--r--  1 laborant laborant    1861 Mar 15 11:24 scoping_notes.md
drwxr-xr-x  3 laborant laborant    4096 Mar 15 11:24 verifier
laborant@k3s-01:task_5b044399$ chmod --help
Usage: chmod [OPTION]... MODE[,MODE]... FILE...
  or:  chmod [OPTION]... OCTAL-MODE FILE...
  or:  chmod [OPTION]... --reference=RFILE FILE...
Change the mode of each FILE to MODE.
With --reference, change the mode of each FILE to that of RFILE.

  -c, --changes          like verbose but report only when a change is made
  -f, --silent, --quiet  suppress most error messages
  -v, --verbose          output a diagnostic for every file processed
      --no-preserve-root  do not treat '/' specially (the default)
      --preserve-root    fail to operate recursively on '/'
      --reference=RFILE  use RFILE's mode instead of specifying MODE values.
                         RFILE is always dereferenced if a symbolic link.
  -R, --recursive        change files and directories recursively
      --help        display this help and exit
      --version     output version information and exit

Each MODE is of the form '[ugoa]*([-+=]([rwxXst]*|[ugo]))+|[-+=][0-7]+'.

GNU coreutils online help: <https://www.gnu.org/software/coreutils/>
Report any translation bugs to <https://translationproject.org/team/>
Full documentation <https://www.gnu.org/software/coreutils/chmod>
or available locally via: info '(coreutils) chmod invocation'
laborant@k3s-01:task_5b044399$ chmod --recursive 444 .
chmod: cannot read directory '.': Permission denied
laborant@k3s-01:task_5b044399$ sudo chmod --recursive 444 .
laborant@k3s-01:task_5b044399$ ls -al
ls: cannot open directory '.': Permission denied
laborant@k3s-01:task_5b044399$ sudo ls -al
total 3744
dr--r--r--  4 laborant laborant    4096 Mar 15 11:24 .
drwxr-x--- 12 laborant laborant    4096 Mar 15 10:49 ..
-r--r--r--  1 laborant laborant    2245 Mar 15 11:24 codex_env_prompt.txt
-r--r--r--  1 laborant laborant 3789065 Mar 15 11:24 codex_events.jsonl
-r--r--r--  1 laborant laborant    1562 Mar 15 11:24 codex_last_message.md
-r--r--r--  1 laborant laborant      81 Mar 15 11:24 codex_stderr.log
dr--r--r--  3 laborant laborant    4096 Mar 15 11:24 environment
-r--r--r--  1 laborant laborant    1899 Mar 15 11:24 prompt.txt
-r--r--r--  1 laborant laborant    2140 Mar 15 11:24 review.md
-r--r--r--  1 laborant laborant    1861 Mar 15 11:24 scoping_notes.md
dr--r--r--  3 laborant laborant    4096 Mar 15 11:24 verifier
laborant@k3s-01:task_5b044399$ sudo chmod --recursive 444 *
chmod: cannot access '*': No such file or directory
laborant@k3s-01:task_5b044399$ sudo chmod --recursive 444 *
chmod: cannot access '*': No such file or directory
laborant@k3s-01:task_5b044399$ sudo chmod --recursive 444 .
laborant@k3s-01:task_5b044399$ sudo ls -al
total 3744
dr--r--r--  4 laborant laborant    4096 Mar 15 11:24 .
drwxr-x--- 12 laborant laborant    4096 Mar 15 10:49 ..
-r--r--r--  1 laborant laborant    2245 Mar 15 11:24 codex_env_prompt.txt
-r--r--r--  1 laborant laborant 3789065 Mar 15 11:24 codex_events.jsonl
-r--r--r--  1 laborant laborant    1562 Mar 15 11:24 codex_last_message.md
-r--r--r--  1 laborant laborant      81 Mar 15 11:24 codex_stderr.log
dr--r--r--  3 laborant laborant    4096 Mar 15 11:24 environment
-r--r--r--  1 laborant laborant    1899 Mar 15 11:24 prompt.txt
-r--r--r--  1 laborant laborant    2140 Mar 15 11:24 review.md
-r--r--r--  1 laborant laborant    1861 Mar 15 11:24 scoping_notes.md
dr--r--r--  3 laborant laborant    4096 Mar 15 11:24 verifier
laborant@k3s-01:task_5b044399$ ls -al
ls: cannot open directory '.': Permission denied
laborant@k3s-01:task_5b044399$ cd ..
laborant@k3s-01:~$ ls -al
total 17124
drwxr-x--- 12 laborant laborant     4096 Mar 15 10:49 .
drwxr-xr-x  4 root     root         4096 Feb 10 12:28 ..
-rw-r--r--  1 laborant laborant      220 Feb 10 12:28 .bash_logout
-rw-r--r--  1 laborant laborant     4707 Feb 10 12:35 .bashrc
drwxr-xr-x  4 laborant laborant     4096 Mar 15 10:49 .cache
drwxr-xr-x  3 laborant laborant     4096 Feb 10 12:28 .config
drwxr-xr-x 11 laborant laborant     4096 Feb 10 12:28 .fzf
-rw-r--r--  1 laborant laborant      153 Feb 10 12:28 .fzf.bash
-rw-r--r--  1 laborant laborant       88 Feb 10 12:29 .gitconfig
drwxr-xr-x  6 laborant laborant     4096 Feb 10 12:35 .krew
drwxr-xr-x  3 laborant laborant     4096 Mar 15 10:46 .kube
drwxr-xr-x  3 laborant laborant     4096 Feb 10 12:28 .local
-rw-r--r--  1 laborant laborant      807 Feb 10 12:28 .profile
lrwxrwxrwx  1 laborant laborant        1 Feb 10 12:28 .rootfs -> /
drwx------  2 laborant laborant     4096 Mar 15 10:45 .ssh
-rw-r--r--  1 laborant laborant        0 Feb 10 12:28 .sudo_as_admin_successful
drwxr-xr-x  3 laborant laborant     4096 Feb 10 12:28 .vim
-rw-r--r--  1 laborant laborant     1128 Feb 10 12:29 .vimrc
-rw-rw-r--  1 laborant laborant 17456631 Mar 12 00:07 helm-v3.20.1-linux-amd64.tar.gz
drwxr-xr-x  2 laborant laborant     4096 Mar 12 00:06 linux-amd64
dr--r--r--  4 laborant laborant     4096 Mar 15 11:24 task_5b044399
laborant@k3s-01:~$ cd task_5b044399/
-bash: cd: task_5b044399/: Permission denied
laborant@k3s-01:~$ chmod 644 task_5b044399/
laborant@k3s-01:~$ cd task_5b044399/
-bash: cd: task_5b044399/: Permission denied
laborant@k3s-01:~$ ls -al
total 17124
drwxr-x--- 12 laborant laborant     4096 Mar 15 10:49 .
drwxr-xr-x  4 root     root         4096 Feb 10 12:28 ..
-rw-r--r--  1 laborant laborant      220 Feb 10 12:28 .bash_logout
-rw-r--r--  1 laborant laborant     4707 Feb 10 12:35 .bashrc
drwxr-xr-x  4 laborant laborant     4096 Mar 15 10:49 .cache
drwxr-xr-x  3 laborant laborant     4096 Feb 10 12:28 .config
drwxr-xr-x 11 laborant laborant     4096 Feb 10 12:28 .fzf
-rw-r--r--  1 laborant laborant      153 Feb 10 12:28 .fzf.bash
-rw-r--r--  1 laborant laborant       88 Feb 10 12:29 .gitconfig
drwxr-xr-x  6 laborant laborant     4096 Feb 10 12:35 .krew
drwxr-xr-x  3 laborant laborant     4096 Mar 15 10:46 .kube
drwxr-xr-x  3 laborant laborant     4096 Feb 10 12:28 .local
-rw-r--r--  1 laborant laborant      807 Feb 10 12:28 .profile
lrwxrwxrwx  1 laborant laborant        1 Feb 10 12:28 .rootfs -> /
drwx------  2 laborant laborant     4096 Mar 15 10:45 .ssh
-rw-r--r--  1 laborant laborant        0 Feb 10 12:28 .sudo_as_admin_successful
drwxr-xr-x  3 laborant laborant     4096 Feb 10 12:28 .vim
-rw-r--r--  1 laborant laborant     1128 Feb 10 12:29 .vimrc
-rw-rw-r--  1 laborant laborant 17456631 Mar 12 00:07 helm-v3.20.1-linux-amd64.tar.gz
drwxr-xr-x  2 laborant laborant     4096 Mar 12 00:06 linux-amd64
drw-r--r--  4 laborant laborant     4096 Mar 15 11:24 task_5b044399
laborant@k3s-01:~$ ls -al task_5b044399/
ls: cannot access 'task_5b044399/codex_last_message.md': Permission denied
ls: cannot access 'task_5b044399/review.md': Permission denied
ls: cannot access 'task_5b044399/environment': Permission denied
ls: cannot access 'task_5b044399/scoping_notes.md': Permission denied
ls: cannot access 'task_5b044399/codex_env_prompt.txt': Permission denied
ls: cannot access 'task_5b044399/codex_stderr.log': Permission denied
ls: cannot access 'task_5b044399/prompt.txt': Permission denied
ls: cannot access 'task_5b044399/codex_events.jsonl': Permission denied
ls: cannot access 'task_5b044399/verifier': Permission denied
ls: cannot access 'task_5b044399/..': Permission denied
ls: cannot access 'task_5b044399/.': Permission denied
total 0
d????????? ? ? ? ?            ? .
d????????? ? ? ? ?            ? ..
-????????? ? ? ? ?            ? codex_env_prompt.txt
-????????? ? ? ? ?            ? codex_events.jsonl
-????????? ? ? ? ?            ? codex_last_message.md
-????????? ? ? ? ?            ? codex_stderr.log
d????????? ? ? ? ?            ? environment
-????????? ? ? ? ?            ? prompt.txt
-????????? ? ? ? ?            ? review.md
-????????? ? ? ? ?            ? scoping_notes.md
d????????? ? ? ? ?            ? verifier
laborant@k3s-01:~$ sudo ls -al task_5b044399/
total 3744
drw-r--r--  4 laborant laborant    4096 Mar 15 11:24 .
drwxr-x--- 12 laborant laborant    4096 Mar 15 10:49 ..
-r--r--r--  1 laborant laborant    2245 Mar 15 11:24 codex_env_prompt.txt
-r--r--r--  1 laborant laborant 3789065 Mar 15 11:24 codex_events.jsonl
-r--r--r--  1 laborant laborant    1562 Mar 15 11:24 codex_last_message.md
-r--r--r--  1 laborant laborant      81 Mar 15 11:24 codex_stderr.log
dr--r--r--  3 laborant laborant    4096 Mar 15 11:24 environment
-r--r--r--  1 laborant laborant    1899 Mar 15 11:24 prompt.txt
-r--r--r--  1 laborant laborant    2140 Mar 15 11:24 review.md
-r--r--r--  1 laborant laborant    1861 Mar 15 11:24 scoping_notes.md
dr--r--r--  3 laborant laborant    4096 Mar 15 11:24 verifier
laborant@k3s-01:~$ cd task_5b044399/
-bash: cd: task_5b044399/: Permission denied
laborant@k3s-01:~$ chmod 544 task_5b044399/
laborant@k3s-01:~$ cd task_5b044399/
laborant@k3s-01:task_5b044399$ ls
codex_env_prompt.txt  codex_events.jsonl  codex_last_message.md  codex_stderr.log  environment  prompt.txt  review.md  scoping_notes.md  verifier
laborant@k3s-01:task_5b044399$ ls -al
total 3744
dr-xr--r--  4 laborant laborant    4096 Mar 15 11:24 .
drwxr-x--- 12 laborant laborant    4096 Mar 15 10:49 ..
-r--r--r--  1 laborant laborant    2245 Mar 15 11:24 codex_env_prompt.txt
-r--r--r--  1 laborant laborant 3789065 Mar 15 11:24 codex_events.jsonl
-r--r--r--  1 laborant laborant    1562 Mar 15 11:24 codex_last_message.md
-r--r--r--  1 laborant laborant      81 Mar 15 11:24 codex_stderr.log
dr--r--r--  3 laborant laborant    4096 Mar 15 11:24 environment
-r--r--r--  1 laborant laborant    1899 Mar 15 11:24 prompt.txt
-r--r--r--  1 laborant laborant    2140 Mar 15 11:24 review.md
-r--r--r--  1 laborant laborant    1861 Mar 15 11:24 scoping_notes.md
dr--r--r--  3 laborant laborant    4096 Mar 15 11:24 verifier
laborant@k3s-01:task_5b044399$ chmod 544 environment verifier/
laborant@k3s-01:task_5b044399$ ls -al
total 3744
dr-xr--r--  4 laborant laborant    4096 Mar 15 11:24 .
drwxr-x--- 12 laborant laborant    4096 Mar 15 10:49 ..
-r--r--r--  1 laborant laborant    2245 Mar 15 11:24 codex_env_prompt.txt
-r--r--r--  1 laborant laborant 3789065 Mar 15 11:24 codex_events.jsonl
-r--r--r--  1 laborant laborant    1562 Mar 15 11:24 codex_last_message.md
-r--r--r--  1 laborant laborant      81 Mar 15 11:24 codex_stderr.log
dr-xr--r--  3 laborant laborant    4096 Mar 15 11:24 environment
-r--r--r--  1 laborant laborant    1899 Mar 15 11:24 prompt.txt
-r--r--r--  1 laborant laborant    2140 Mar 15 11:24 review.md
-r--r--r--  1 laborant laborant    1861 Mar 15 11:24 scoping_notes.md
dr-xr--r--  3 laborant laborant    4096 Mar 15 11:24 verifier
laborant@k3s-01:task_5b044399$ chmod -R 544 .
laborant@k3s-01:task_5b044399$ ls -al
total 3744
dr-xr--r--  4 laborant laborant    4096 Mar 15 11:24 .
drwxr-x--- 12 laborant laborant    4096 Mar 15 10:49 ..
-r-xr--r--  1 laborant laborant    2245 Mar 15 11:24 codex_env_prompt.txt
-r-xr--r--  1 laborant laborant 3789065 Mar 15 11:24 codex_events.jsonl
-r-xr--r--  1 laborant laborant    1562 Mar 15 11:24 codex_last_message.md
-r-xr--r--  1 laborant laborant      81 Mar 15 11:24 codex_stderr.log
dr-xr--r--  3 laborant laborant    4096 Mar 15 11:24 environment
-r-xr--r--  1 laborant laborant    1899 Mar 15 11:24 prompt.txt
-r-xr--r--  1 laborant laborant    2140 Mar 15 11:24 review.md
-r-xr--r--  1 laborant laborant    1861 Mar 15 11:24 scoping_notes.md
dr-xr--r--  3 laborant laborant    4096 Mar 15 11:24 verifier
laborant@k3s-01:task_5b044399$ chmod --help
Usage: chmod [OPTION]... MODE[,MODE]... FILE...
  or:  chmod [OPTION]... OCTAL-MODE FILE...
  or:  chmod [OPTION]... --reference=RFILE FILE...
Change the mode of each FILE to MODE.
With --reference, change the mode of each FILE to that of RFILE.

  -c, --changes          like verbose but report only when a change is made
  -f, --silent, --quiet  suppress most error messages
  -v, --verbose          output a diagnostic for every file processed
      --no-preserve-root  do not treat '/' specially (the default)
      --preserve-root    fail to operate recursively on '/'
      --reference=RFILE  use RFILE's mode instead of specifying MODE values.
                         RFILE is always dereferenced if a symbolic link.
  -R, --recursive        change files and directories recursively
      --help        display this help and exit
      --version     output version information and exit

Each MODE is of the form '[ugoa]*([-+=]([rwxXst]*|[ugo]))+|[-+=][0-7]+'.

GNU coreutils online help: <https://www.gnu.org/software/coreutils/>
Report any translation bugs to <https://translationproject.org/team/>
Full documentation <https://www.gnu.org/software/coreutils/chmod>
or available locally via: info '(coreutils) chmod invocation'
laborant@k3s-01:task_5b044399$ k version
Client Version: v1.35.0
Kustomize Version: v5.7.1
Server Version: v1.35.0+k3s3
laborant@k3s-01:task_5b044399$ touch terminal.log
touch: cannot touch 'terminal.log': Permission denied
laborant@k3s-01:task_5b044399$ sudo touch terminal.log
laborant@k3s-01:task_5b044399$ ls -al
total 3744
dr-xr--r--  4 laborant laborant    4096 Mar 15 12:12 .
drwxr-x--- 12 laborant laborant    4096 Mar 15 10:49 ..
-r-xr--r--  1 laborant laborant    2245 Mar 15 11:24 codex_env_prompt.txt
-r-xr--r--  1 laborant laborant 3789065 Mar 15 11:24 codex_events.jsonl
-r-xr--r--  1 laborant laborant    1562 Mar 15 11:24 codex_last_message.md
-r-xr--r--  1 laborant laborant      81 Mar 15 11:24 codex_stderr.log
dr-xr--r--  3 laborant laborant    4096 Mar 15 11:24 environment
-r-xr--r--  1 laborant laborant    1899 Mar 15 11:24 prompt.txt
-r-xr--r--  1 laborant laborant    2140 Mar 15 11:24 review.md
-r-xr--r--  1 laborant laborant    1861 Mar 15 11:24 scoping_notes.md
-rw-r--r--  1 root     root           0 Mar 15 12:12 terminal.log
dr-xr--r--  3 laborant laborant    4096 Mar 15 11:24 verifier
laborant@k3s-01:task_5b044399$ chown laborant:laborant terminal.log 
chown: changing ownership of 'terminal.log': Operation not permitted
laborant@k3s-01:task_5b044399$ sudo chown laborant:laborant terminal.log 
laborant@k3s-01:task_5b044399$ ls -al
total 3744
dr-xr--r--  4 laborant laborant    4096 Mar 15 12:12 .
drwxr-x--- 12 laborant laborant    4096 Mar 15 10:49 ..
-r-xr--r--  1 laborant laborant    2245 Mar 15 11:24 codex_env_prompt.txt
-r-xr--r--  1 laborant laborant 3789065 Mar 15 11:24 codex_events.jsonl
-r-xr--r--  1 laborant laborant    1562 Mar 15 11:24 codex_last_message.md
-r-xr--r--  1 laborant laborant      81 Mar 15 11:24 codex_stderr.log
dr-xr--r--  3 laborant laborant    4096 Mar 15 11:24 environment
-r-xr--r--  1 laborant laborant    1899 Mar 15 11:24 prompt.txt
-r-xr--r--  1 laborant laborant    2140 Mar 15 11:24 review.md
-r-xr--r--  1 laborant laborant    1861 Mar 15 11:24 scoping_notes.md
-rw-r--r--  1 laborant laborant       0 Mar 15 12:12 terminal.log
dr-xr--r--  3 laborant laborant    4096 Mar 15 11:24 verifier
laborant@k3s-01:task_5b044399$ 

laborant@docker-01:~$ ls task_5b044399/
codex_env_prompt.txt  codex_events.jsonl  codex_last_message.md  codex_stderr.log  environment  prompt.txt  review.md  scoping_notes.md  verifier
laborant@docker-01:~$ ls -al
total 68
drwxr-x---  9 laborant laborant 4096 Mar 15 11:30 .
drwxr-xr-x  4 root     root     4096 Feb 10 12:28 ..
-rw-r--r--  1 laborant laborant  220 Feb 10 12:28 .bash_logout
-rw-r--r--  1 laborant laborant 4609 Feb 10 12:29 .bashrc
drwxr-xr-x  4 laborant laborant 4096 Mar 15 11:30 .cache
drwxr-xr-x  3 laborant laborant 4096 Feb 10 12:28 .config
drwxr-xr-x 11 laborant laborant 4096 Feb 10 12:28 .fzf
-rw-r--r--  1 laborant laborant  153 Feb 10 12:28 .fzf.bash
-rw-r--r--  1 laborant laborant   88 Feb 10 12:29 .gitconfig
drwxr-xr-x  3 laborant laborant 4096 Feb 10 12:28 .local
-rw-r--r--  1 laborant laborant  807 Feb 10 12:28 .profile
lrwxrwxrwx  1 laborant laborant    1 Feb 10 12:28 .rootfs -> /
drwx------  2 laborant laborant 4096 Mar 15 11:18 .ssh
-rw-r--r--  1 laborant laborant    0 Feb 10 12:28 .sudo_as_admin_successful
drwxr-xr-x  3 laborant laborant 4096 Feb 10 12:28 .vim
-rw-r--r--  1 laborant laborant 1128 Feb 10 12:29 .vimrc
-rw-r--r--  1 root     root      165 Feb 10 12:33 .wget-hsts
drwxr-xr-x  4 laborant laborant 4096 Mar 15 11:30 task_5b044399
laborant@docker-01:~$ chmod 544 task_5b044399/
laborant@docker-01:~$ ls task_5b044399
codex_env_prompt.txt  codex_events.jsonl  codex_last_message.md  codex_stderr.log  environment  prompt.txt  review.md  scoping_notes.md  verifier
laborant@docker-01:~$ ls -al
total 68
drwxr-x---  9 laborant laborant 4096 Mar 15 11:30 .
drwxr-xr-x  4 root     root     4096 Feb 10 12:28 ..
-rw-r--r--  1 laborant laborant  220 Feb 10 12:28 .bash_logout
-rw-r--r--  1 laborant laborant 4609 Feb 10 12:29 .bashrc
drwxr-xr-x  4 laborant laborant 4096 Mar 15 11:30 .cache
drwxr-xr-x  3 laborant laborant 4096 Feb 10 12:28 .config
drwxr-xr-x 11 laborant laborant 4096 Feb 10 12:28 .fzf
-rw-r--r--  1 laborant laborant  153 Feb 10 12:28 .fzf.bash
-rw-r--r--  1 laborant laborant   88 Feb 10 12:29 .gitconfig
drwxr-xr-x  3 laborant laborant 4096 Feb 10 12:28 .local
-rw-r--r--  1 laborant laborant  807 Feb 10 12:28 .profile
lrwxrwxrwx  1 laborant laborant    1 Feb 10 12:28 .rootfs -> /
drwx------  2 laborant laborant 4096 Mar 15 11:18 .ssh
-rw-r--r--  1 laborant laborant    0 Feb 10 12:28 .sudo_as_admin_successful
drwxr-xr-x  3 laborant laborant 4096 Feb 10 12:28 .vim
-rw-r--r--  1 laborant laborant 1128 Feb 10 12:29 .vimrc
-rw-r--r--  1 root     root      165 Feb 10 12:33 .wget-hsts
dr-xr--r--  4 laborant laborant 4096 Mar 15 11:30 task_5b044399
laborant@docker-01:~$ cd task_5b044399/
laborant@docker-01:task_5b044399$ ls
codex_env_prompt.txt  codex_events.jsonl  codex_last_message.md  codex_stderr.log  environment  prompt.txt  review.md  scoping_notes.md  verifier
laborant@docker-01:task_5b044399$ ls -al
total 3744
dr-xr--r-- 4 laborant laborant    4096 Mar 15 11:30 .
drwxr-x--- 9 laborant laborant    4096 Mar 15 11:30 ..
-rw-r--r-- 1 laborant laborant    2245 Mar 15 11:30 codex_env_prompt.txt
-rw-r--r-- 1 laborant laborant 3789065 Mar 15 11:30 codex_events.jsonl
-rw-r--r-- 1 laborant laborant    1562 Mar 15 11:30 codex_last_message.md
-rw-r--r-- 1 laborant laborant      81 Mar 15 11:30 codex_stderr.log
drwxr-xr-x 3 laborant laborant    4096 Mar 15 11:30 environment
-rw-r--r-- 1 laborant laborant    1899 Mar 15 11:30 prompt.txt
-rw-r--r-- 1 laborant laborant    2140 Mar 15 11:30 review.md
-rw-r--r-- 1 laborant laborant    1861 Mar 15 11:30 scoping_notes.md
drwxr-xr-x 3 laborant laborant    4096 Mar 15 11:30 verifier
laborant@docker-01:task_5b044399$ chmod -R 544 . 
laborant@docker-01:task_5b044399$ ls -al
total 3744
dr-xr--r-- 4 laborant laborant    4096 Mar 15 11:30 .
drwxr-x--- 9 laborant laborant    4096 Mar 15 11:30 ..
-r-xr--r-- 1 laborant laborant    2245 Mar 15 11:30 codex_env_prompt.txt
-r-xr--r-- 1 laborant laborant 3789065 Mar 15 11:30 codex_events.jsonl
-r-xr--r-- 1 laborant laborant    1562 Mar 15 11:30 codex_last_message.md
-r-xr--r-- 1 laborant laborant      81 Mar 15 11:30 codex_stderr.log
dr-xr--r-- 3 laborant laborant    4096 Mar 15 11:30 environment
-r-xr--r-- 1 laborant laborant    1899 Mar 15 11:30 prompt.txt
-r-xr--r-- 1 laborant laborant    2140 Mar 15 11:30 review.md
-r-xr--r-- 1 laborant laborant    1861 Mar 15 11:30 scoping_notes.md
dr-xr--r-- 3 laborant laborant    4096 Mar 15 11:30 verifier
laborant@docker-01:task_5b044399$ tree
.
├── codex_env_prompt.txt
├── codex_events.jsonl
├── codex_last_message.md
├── codex_stderr.log
├── environment
│   ├── Dockerfile
│   └── helm-charts-editor
│       ├── category.yaml
│       ├── charts
│       │   ├── argo-cd
│       │   │   └── Chart.yaml
│       │   ├── eck-elasticsearch
│       │   │   └── Chart.yaml
│       │   ├── gitea
│       │   │   └── Chart.yaml
│       │   ├── gitlab
│       │   │   └── Chart.yaml
│       │   ├── ingress-nginx
│       │   │   └── Chart.yaml
│       │   ├── jenkins
│       │   │   └── Chart.yaml
│       │   ├── milvus
│       │   │   └── Chart.yaml
│       │   ├── mlflow
│       │   │   ├── Chart.lock
│       │   │   ├── Chart.yaml
│       │   │   ├── LICENSE
│       │   │   ├── README.md
│       │   │   ├── RELEASE-NOTES.md
│       │   │   ├── charts
│       │   │   │   ├── mysql
│       │   │   │   │   └── Chart.yaml
│       │   │   │   └── postgresql
│       │   │   │       └── Chart.yaml
│       │   │   ├── templates
│       │   │   │   ├── _helpers.tpl
│       │   │   │   ├── configmap.yaml
│       │   │   │   ├── deployment.yaml
│       │   │   │   ├── pvc.yaml
│       │   │   │   ├── service.yaml
│       │   │   │   └── serviceaccount.yaml
│       │   │   ├── values.schema.json
│       │   │   └── values.yaml
│       │   ├── phoenix
│       │   │   └── Chart.yaml
│       │   ├── postgresql
│       │   │   └── Chart.yaml
│       │   ├── redis
│       │   │   └── Chart.yaml
│       │   └── redis-ha
│       │       └── Chart.yaml
│       ├── get-chart-images.ps1
│       ├── load-images-to-private-registry.ps1
│       ├── offline_image_management.md
│       ├── plan.yaml
│       ├── save-images.ps1
│       ├── script-guide.md
│       └── show_notification.ps1
├── prompt.txt
├── review.md
├── scoping_notes.md
└── verifier
    ├── __pycache__
    │   └── verify.cpython-312.pyc
    ├── run.sh
    └── verify.py

22 directories, 45 files
laborant@docker-01:task_5b044399$ ls
codex_env_prompt.txt  codex_events.jsonl  codex_last_message.md  codex_stderr.log  environment  prompt.txt  review.md  scoping_notes.md  verifier
laborant@docker-01:task_5b044399$ cd environment/
laborant@docker-01:environment$ ls
Dockerfile  helm-charts-editor
laborant@docker-01:environment$ docker images
                                                                                                                              i Info →   U  In Use
IMAGE   ID             DISK USAGE   CONTENT SIZE   EXTRA
laborant@docker-01:environment$ docker build -t project .
[+] Building 37.9s (11/11) FINISHED                                                                                                docker:default
 => [internal] load build definition from Dockerfile                                                                                         0.0s
 => => transferring dockerfile: 997B                                                                                                         0.0s
 => [internal] load metadata for docker.io/library/debian:bookworm                                                                           1.8s
 => [internal] load .dockerignore                                                                                                            0.0s
 => => transferring context: 2B                                                                                                              0.0s
 => [1/6] FROM docker.io/library/debian:bookworm@sha256:0a5bf4ecacfc050bad0131c8e1401063fd1e8343a418723f6dbd3cd13a7b9e33                     3.0s
 => => resolve docker.io/library/debian:bookworm@sha256:0a5bf4ecacfc050bad0131c8e1401063fd1e8343a418723f6dbd3cd13a7b9e33                     0.0s
 => => sha256:6a7e0620566c7dfbe5d3c9a7601d116556ec17a021b3e824f8ab09d12b0c25c6 48.49MB / 48.49MB                                             2.2s
 => => extracting sha256:6a7e0620566c7dfbe5d3c9a7601d116556ec17a021b3e824f8ab09d12b0c25c6                                                    0.8s
 => [internal] load build context                                                                                                            0.0s
 => => transferring context: 20.08kB                                                                                                         0.0s
 => [2/6] RUN apt-get update && apt-get install -y --no-install-recommends     bash     ca-certificates     curl     git     jq     python3  6.2s
 => [3/6] RUN curl -fsSL https://raw.githubusercontent.com/helm/helm/main/scripts/get-helm-3 | bash     && curl -fsSL https://dl.k8s.io/re  21.9s 
 => [4/6] WORKDIR /app/helm-charts-editor                                                                                                    0.0s 
 => [5/6] COPY helm-charts-editor/ /app/helm-charts-editor/                                                                                  0.0s 
 => [6/6] RUN git init >/dev/null 2>&1     && git config user.email task@example.com     && git config user.name "Task Seed"     && git add  0.2s 
 => exporting to image                                                                                                                       4.8s 
 => => exporting layers                                                                                                                      3.6s 
 => => exporting manifest sha256:c5d8c2aca1ea1beb99c2a1974ed4316e77f3bb5a9c9d28070b26b571e0a677bd                                            0.0s
 => => exporting config sha256:6176d797d41201ea14692dd393529c267f6db61b983e0ef72a3c40b662787a1b                                              0.0s
 => => exporting attestation manifest sha256:8edf06c7458faf79817006a9d71c1b800de15b3e45069bd05174e9447dccc8d6                                0.0s
 => => exporting manifest list sha256:7892395c2369165d265d6cdf74e0815cf2ca4dd70ac51d5f064c655fc98cb849                                       0.0s
 => => naming to docker.io/library/project:latest                                                                                            0.0s
 => => unpacking to docker.io/library/project:latest                                                                                         1.1s
laborant@docker-01:environment$ docker images
                                                                                                                              i Info →   U  In Use
IMAGE            ID             DISK USAGE   CONTENT SIZE   EXTRA
project:latest   7892395c2369        557MB          142MB        
laborant@docker-01:environment$ docker image
Usage:  docker image COMMAND

Manage images

Commands:
  build       Build an image from a Dockerfile
  history     Show the history of an image
  import      Import the contents from a tarball to create a filesystem image
  inspect     Display detailed information on one or more images
  load        Load an image from a tar archive or STDIN
  ls          List images
  prune       Remove unused images
  pull        Download an image from a registry
  push        Upload an image to a registry
  rm          Remove one or more images
  save        Save one or more images to a tar archive (streamed to STDOUT by default)
  tag         Create a tag TARGET_IMAGE that refers to SOURCE_IMAGE

Run 'docker image COMMAND --help' for more information on a command.
laborant@docker-01:environment$ docker image ls
                                                                                                                              i Info →   U  In Use
IMAGE            ID             DISK USAGE   CONTENT SIZE   EXTRA
project:latest   7892395c2369        557MB          142MB        
laborant@docker-01:environment$ docker run --rm project
laborant@docker-01:environment$ docker ps -a
CONTAINER ID   IMAGE     COMMAND   CREATED   STATUS    PORTS     NAMES
laborant@docker-01:environment$ docker run --rm -it project
root@7fb3fd017921:/app/helm-charts-editor# ls
category.yaml  get-chart-images.ps1                 offline_image_management.md  save-images.ps1  show_notification.ps1
charts         load-images-to-private-registry.ps1  plan.yaml                    script-guide.md
root@7fb3fd017921:/app/helm-charts-editor# cd ..
root@7fb3fd017921:/app# ls
helm-charts-editor
root@7fb3fd017921:/app# cd helm-charts-editor/
root@7fb3fd017921:/app/helm-charts-editor# 
exit
laborant@docker-01:environment$ docker run --rm -it project
root@8d1d4a99b6ee:/app/helm-charts-editor# helm
The Kubernetes package manager

Common actions for Helm:

- helm search:    search for charts
- helm pull:      download a chart to your local directory to view
- helm install:   upload the chart to Kubernetes
- helm list:      list releases of charts

Environment variables:

| Name                               | Description                                                                                                |
|------------------------------------|------------------------------------------------------------------------------------------------------------|
| $HELM_CACHE_HOME                   | set an alternative location for storing cached files.                                                      |
| $HELM_CONFIG_HOME                  | set an alternative location for storing Helm configuration.                                                |
| $HELM_DATA_HOME                    | set an alternative location for storing Helm data.                                                         |
| $HELM_DEBUG                        | indicate whether or not Helm is running in Debug mode                                                      |
| $HELM_DRIVER                       | set the backend storage driver. Values are: configmap, secret, memory, sql.                                |
| $HELM_DRIVER_SQL_CONNECTION_STRING | set the connection string the SQL storage driver should use.                                               |
| $HELM_MAX_HISTORY                  | set the maximum number of helm release history.                                                            |
| $HELM_NAMESPACE                    | set the namespace used for the helm operations.                                                            |
| $HELM_NO_PLUGINS                   | disable plugins. Set HELM_NO_PLUGINS=1 to disable plugins.                                                 |
| $HELM_PLUGINS                      | set the path to the plugins directory                                                                      |
| $HELM_REGISTRY_CONFIG              | set the path to the registry config file.                                                                  |
| $HELM_REPOSITORY_CACHE             | set the path to the repository cache directory                                                             |
| $HELM_REPOSITORY_CONFIG            | set the path to the repositories file.                                                                     |
| $KUBECONFIG                        | set an alternative Kubernetes configuration file (default "~/.kube/config")                                |
| $HELM_KUBEAPISERVER                | set the Kubernetes API Server Endpoint for authentication                                                  |
| $HELM_KUBECAFILE                   | set the Kubernetes certificate authority file.                                                             |
| $HELM_KUBEASGROUPS                 | set the Groups to use for impersonation using a comma-separated list.                                      |
| $HELM_KUBEASUSER                   | set the Username to impersonate for the operation.                                                         |
| $HELM_KUBECONTEXT                  | set the name of the kubeconfig context.                                                                    |
| $HELM_KUBETOKEN                    | set the Bearer KubeToken used for authentication.                                                          |
| $HELM_KUBEINSECURE_SKIP_TLS_VERIFY | indicate if the Kubernetes API server's certificate validation should be skipped (insecure)                |
| $HELM_KUBETLS_SERVER_NAME          | set the server name used to validate the Kubernetes API server certificate                                 |
| $HELM_BURST_LIMIT                  | set the default burst limit in the case the server contains many CRDs (default 100, -1 to disable)         |
| $HELM_QPS                          | set the Queries Per Second in cases where a high number of calls exceed the option for higher burst values |

Helm stores cache, configuration, and data based on the following configuration order:

- If a HELM_*_HOME environment variable is set, it will be used
- Otherwise, on systems supporting the XDG base directory specification, the XDG variables will be used
- When no other location is set a default location will be used based on the operating system

By default, the default directories depend on the Operating System. The defaults are listed below:

| Operating System | Cache Path                | Configuration Path             | Data Path               |
|------------------|---------------------------|--------------------------------|-------------------------|
| Linux            | $HOME/.cache/helm         | $HOME/.config/helm             | $HOME/.local/share/helm |
| macOS            | $HOME/Library/Caches/helm | $HOME/Library/Preferences/helm | $HOME/Library/helm      |
| Windows          | %TEMP%\helm               | %APPDATA%\helm                 | %APPDATA%\helm          |

Usage:
  helm [command]

Available Commands:
  completion  generate autocompletion scripts for the specified shell
  create      create a new chart with the given name
  dependency  manage a chart's dependencies
  env         helm client environment information
  get         download extended information of a named release
  help        Help about any command
  history     fetch release history
  install     install a chart
  lint        examine a chart for possible issues
  list        list releases
  package     package a chart directory into a chart archive
  plugin      install, list, or uninstall Helm plugins
  pull        download a chart from a repository and (optionally) unpack it in local directory
  push        push a chart to remote
  registry    login to or logout from a registry
  repo        add, list, remove, update, and index chart repositories
  rollback    roll back a release to a previous revision
  search      search for a keyword in charts
  show        show information of a chart
  status      display the status of the named release
  template    locally render templates
  test        run tests for a release
  uninstall   uninstall a release
  upgrade     upgrade a release
  verify      verify that a chart at the given path has been signed and is valid
  version     print the client version information

Flags:
      --burst-limit int                 client-side default throttling limit (default 100)
      --debug                           enable verbose output
  -h, --help                            help for helm
      --kube-apiserver string           the address and the port for the Kubernetes API server
      --kube-as-group stringArray       group to impersonate for the operation, this flag can be repeated to specify multiple groups.
      --kube-as-user string             username to impersonate for the operation
      --kube-ca-file string             the certificate authority file for the Kubernetes API server connection
      --kube-context string             name of the kubeconfig context to use
      --kube-insecure-skip-tls-verify   if true, the Kubernetes API server's certificate will not be checked for validity. This will make your HTTPS connections insecure
      --kube-tls-server-name string     server name to use for Kubernetes API server certificate validation. If it is not provided, the hostname used to contact the server is used
      --kube-token string               bearer token used for authentication
      --kubeconfig string               path to the kubeconfig file
  -n, --namespace string                namespace scope for this request
      --qps float32                     queries per second used when communicating with the Kubernetes API, not including bursting
      --registry-config string          path to the registry config file (default "/root/.config/helm/registry/config.json")
      --repository-cache string         path to the directory containing cached repository indexes (default "/root/.cache/helm/repository")
      --repository-config string        path to the file containing repository names and URLs (default "/root/.config/helm/repositories.yaml")

Use "helm [command] --help" for more information about a command.
root@8d1d4a99b6ee:/app/helm-charts-editor# helm version
version.BuildInfo{Version:"v3.20.1", GitCommit:"a2369ca71c0ef633bf6e4fccd66d634eb379b371", GitTreeState:"clean", GoVersion:"go1.25.8"}
root@8d1d4a99b6ee:/app/helm-charts-editor# kubectl 
kubectl controls the Kubernetes cluster manager.

 Find more information at: https://kubernetes.io/docs/reference/kubectl/

Basic Commands (Beginner):
  create          Create a resource from a file or from stdin
  expose          Take a replication controller, service, deployment or pod and expose it as a new Kubernetes service
  run             Run a particular image on the cluster
  set             Set specific features on objects

Basic Commands (Intermediate):
  explain         Get documentation for a resource
  get             Display one or many resources
  edit            Edit a resource on the server
  delete          Delete resources by file names, stdin, resources and names, or by resources and label selector

Deploy Commands:
  rollout         Manage the rollout of a resource
  scale           Set a new size for a deployment, replica set, or replication controller
  autoscale       Auto-scale a deployment, replica set, stateful set, or replication controller

Cluster Management Commands:
  certificate     Modify certificate resources
  cluster-info    Display cluster information
  top             Display resource (CPU/memory) usage
  cordon          Mark node as unschedulable
  uncordon        Mark node as schedulable
  drain           Drain node in preparation for maintenance
  taint           Update the taints on one or more nodes

Troubleshooting and Debugging Commands:
  describe        Show details of a specific resource or group of resources
  logs            Print the logs for a container in a pod
  attach          Attach to a running container
  exec            Execute a command in a container
  port-forward    Forward one or more local ports to a pod
  proxy           Run a proxy to the Kubernetes API server
  cp              Copy files and directories to and from containers
  auth            Inspect authorization
  debug           Create debugging sessions for troubleshooting workloads and nodes
  events          List events

Advanced Commands:
  diff            Diff the live version against a would-be applied version
  apply           Apply a configuration to a resource by file name or stdin
  patch           Update fields of a resource
  replace         Replace a resource by file name or stdin
  wait            Experimental: Wait for a specific condition on one or many resources
  kustomize       Build a kustomization target from a directory or URL

Settings Commands:
  label           Update the labels on a resource
  annotate        Update the annotations on a resource
  completion      Output shell completion code for the specified shell (bash, zsh, fish, or powershell)

Subcommands provided by plugins:

Other Commands:
  api-resources   Print the supported API resources on the server
  api-versions    Print the supported API versions on the server, in the form of "group/version"
  config          Modify kubeconfig files
  plugin          Provides utilities for interacting with plugins
  version         Print the client and server version information

Usage:
  kubectl [flags] [options]

Use "kubectl <command> --help" for more information about a given command.
Use "kubectl options" for a list of global command-line options (applies to all commands).
root@8d1d4a99b6ee:/app/helm-charts-editor# kubectl version
Client Version: v1.30.9
Kustomize Version: v5.0.4-0.20230601165947-6ce0bf390ce3
The connection to the server localhost:8080 was refused - did you specify the right host or port?
root@8d1d4a99b6ee:/app/helm-charts-editor# 
exit
laborant@docker-01:environment$ ls
Dockerfile  helm-charts-editor
laborant@docker-01:environment$ ls -al
total 16
dr-xr--r-- 3 laborant laborant 4096 Mar 15 11:30 .
dr-xr--r-- 4 laborant laborant 4096 Mar 15 11:30 ..
-rwxr--r-- 1 laborant laborant  958 Mar 15 11:47 Dockerfile
dr-xr--r-- 3 laborant laborant 4096 Mar 15 11:30 helm-charts-editor
laborant@docker-01:environment$ chmod -R 544 . 
laborant@docker-01:environment$ docker build -t project .
[+] Building 8.5s (11/11) FINISHED                                                                                                 docker:default
 => [internal] load build definition from Dockerfile                                                                                         0.0s
 => => transferring dockerfile: 997B                                                                                                         0.0s
 => [internal] load metadata for docker.io/library/debian:bookworm                                                                           0.5s
 => [internal] load .dockerignore                                                                                                            0.0s
 => => transferring context: 2B                                                                                                              0.0s
 => [1/6] FROM docker.io/library/debian:bookworm@sha256:0a5bf4ecacfc050bad0131c8e1401063fd1e8343a418723f6dbd3cd13a7b9e33                     0.0s
 => => resolve docker.io/library/debian:bookworm@sha256:0a5bf4ecacfc050bad0131c8e1401063fd1e8343a418723f6dbd3cd13a7b9e33                     0.0s
 => [internal] load build context                                                                                                            0.0s
 => => transferring context: 3.35kB                                                                                                          0.0s
 => CACHED [2/6] RUN apt-get update && apt-get install -y --no-install-recommends     bash     ca-certificates     curl     git     jq       0.0s
 => [3/6] RUN curl -fsSL https://raw.githubusercontent.com/helm/helm/main/scripts/get-helm-3 | bash     && curl -fsSL https://dl.k8s.io/rel  4.6s
 => [4/6] WORKDIR /app/helm-charts-editor                                                                                                    0.0s 
 => [5/6] COPY helm-charts-editor/ /app/helm-charts-editor/                                                                                  0.0s 
 => [6/6] RUN git init >/dev/null 2>&1     && git config user.email task@example.com     && git config user.name "Task Seed"     && git add  0.2s 
 => exporting to image                                                                                                                       3.3s 
 => => exporting layers                                                                                                                      2.9s
 => => exporting manifest sha256:2798d95f5174b3e087165ca4d71d1a693bc4697309a3903132c730dd36fb7c06                                            0.0s
 => => exporting config sha256:632a005d304a4a3b2feaad37ed72e369aea5048cc4643efa666ec9bba5e9b444                                              0.0s
 => => exporting attestation manifest sha256:a2eb520a43bc2b0fc673e5e0de807d665bf7cc76a86a910730578fe0c0983b8c                                0.0s
 => => exporting manifest list sha256:3f0628bd5abf0010b15c867d07749738077a50a8830584125a6b4981f4a46d31                                       0.0s
 => => naming to docker.io/library/project:latest                                                                                            0.0s
 => => unpacking to docker.io/library/project:latest                                                                                         0.3s
laborant@docker-01:environment$ docker run --rm -it project
root@4b0d18cc29ae:/app/helm-charts-editor# helm version
version.BuildInfo{Version:"v3.20.1", GitCommit:"a2369ca71c0ef633bf6e4fccd66d634eb379b371", GitTreeState:"clean", GoVersion:"go1.25.8"}
root@4b0d18cc29ae:/app/helm-charts-editor# k version
bash: k: command not found
root@4b0d18cc29ae:/app/helm-charts-editor# kubectl version
Client Version: v1.35.2
Kustomize Version: v5.7.1
The connection to the server localhost:8080 was refused - did you specify the right host or port?
root@4b0d18cc29ae:/app/helm-charts-editor# kind
kind creates and manages local Kubernetes clusters using Docker container 'nodes'

Usage:
  kind [command]

Available Commands:
  build       Build one of [node-image]
  completion  Output shell completion code for the specified shell (bash, zsh or fish)
  create      Creates one of [cluster]
  delete      Deletes one of [cluster]
  export      Exports one of [kubeconfig, logs]
  get         Gets one of [clusters, nodes, kubeconfig]
  help        Help about any command
  load        Loads images into nodes
  version     Prints the kind CLI version

Flags:
  -h, --help              help for kind
  -q, --quiet             silence all stderr output
  -v, --verbosity int32   info log verbosity, higher value produces more output
      --version           version for kind

Use "kind [command] --help" for more information about a command.
root@4b0d18cc29ae:/app/helm-charts-editor# kind version
kind v0.31.0 go1.25.5 linux/amd64
root@4b0d18cc29ae:/app/helm-charts-editor# 
exit
laborant@docker-01:environment$ docker run --rm -it project^C
laborant@docker-01:environment$ docker build -t project . ; docker run --rm -it project
[+] Building 21.0s (11/11) FINISHED                                                                                                docker:default
 => [internal] load build definition from Dockerfile                                                                                         0.0s
 => => transferring dockerfile: 995B                                                                                                         0.0s
 => [internal] load metadata for docker.io/library/debian:trixie                                                                             1.2s
 => [internal] load .dockerignore                                                                                                            0.0s
 => => transferring context: 2B                                                                                                              0.0s
 => [1/6] FROM docker.io/library/debian:trixie@sha256:3615a749858a1cba49b408fb49c37093db813321355a9ab7c1f9f4836341e9db                       2.9s
 => => resolve docker.io/library/debian:trixie@sha256:3615a749858a1cba49b408fb49c37093db813321355a9ab7c1f9f4836341e9db                       0.0s
 => => sha256:866771c43bf5eb77362eeeb163c0c825e194c2806d0b697028434e3b9c02f59d 49.29MB / 49.29MB                                             2.2s
 => => extracting sha256:866771c43bf5eb77362eeeb163c0c825e194c2806d0b697028434e3b9c02f59d                                                    0.7s
 => [internal] load build context                                                                                                            0.0s
 => => transferring context: 3.35kB                                                                                                          0.0s
 => [2/6] RUN apt-get update && apt-get install -y --no-install-recommends     bash     ca-certificates     curl     git     jq     python3  7.3s
 => [3/6] RUN curl -fsSL https://raw.githubusercontent.com/helm/helm/main/scripts/get-helm-3 | bash     && curl -fsSL https://dl.k8s.io/rel  3.9s 
 => [4/6] WORKDIR /app/helm-charts-editor                                                                                                    0.0s 
 => [5/6] COPY helm-charts-editor/ /app/helm-charts-editor/                                                                                  0.0s 
 => [6/6] RUN git init >/dev/null 2>&1     && git config user.email task@example.com     && git config user.name "Task Seed"     && git add  0.2s 
 => exporting to image                                                                                                                       5.5s 
 => => exporting layers                                                                                                                      4.3s 
 => => exporting manifest sha256:253a4c182de44db8a0535f986548833800c668a13ade5c94d8936ac5f5c2080f                                            0.0s
 => => exporting config sha256:8e440fc3d20374dae300facceae80e292f83da45478e04aae51dc584d95206f7                                              0.0s
 => => exporting attestation manifest sha256:bb99302f8ce02406300ead07940397428e36b768411b85a2b1545d207f13f0a2                                0.0s
 => => exporting manifest list sha256:8bad4907d0547852ffe8ec91f0c7d45d2147a1ba221bc1f34c19ae0ef7924b94                                       0.0s
 => => naming to docker.io/library/project:latest                                                                                            0.0s
 => => unpacking to docker.io/library/project:latest                                                                                         1.2s
root@43453ebeed7f:/app/helm-charts-editor# helm version
version.BuildInfo{Version:"v3.20.1", GitCommit:"a2369ca71c0ef633bf6e4fccd66d634eb379b371", GitTreeState:"clean", GoVersion:"go1.25.8"}
root@43453ebeed7f:/app/helm-charts-editor# cat /etc/o
opt/        os-release  
root@43453ebeed7f:/app/helm-charts-editor# cat /etc/os-release 
PRETTY_NAME="Debian GNU/Linux 13 (trixie)"
NAME="Debian GNU/Linux"
VERSION_ID="13"
VERSION="13 (trixie)"
VERSION_CODENAME=trixie
DEBIAN_VERSION_FULL=13.3
ID=debian
HOME_URL="https://www.debian.org/"
SUPPORT_URL="https://www.debian.org/support"
BUG_REPORT_URL="https://bugs.debian.org/"
root@43453ebeed7f:/app/helm-charts-editor# kind version
kind v0.31.0 go1.25.5 linux/amd64
root@43453ebeed7f:/app/helm-charts-editor# kubectl version
Client Version: v1.35.2
Kustomize Version: v5.7.1
The connection to the server localhost:8080 was refused - did you specify the right host or port?
root@43453ebeed7f:/app/helm-charts-editor# docker
bash: docker: command not found
root@43453ebeed7f:/app/helm-charts-editor# kind
kind creates and manages local Kubernetes clusters using Docker container 'nodes'

Usage:
  kind [command]

Available Commands:
  build       Build one of [node-image]
  completion  Output shell completion code for the specified shell (bash, zsh or fish)
  create      Creates one of [cluster]
  delete      Deletes one of [cluster]
  export      Exports one of [kubeconfig, logs]
  get         Gets one of [clusters, nodes, kubeconfig]
  help        Help about any command
  load        Loads images into nodes
  version     Prints the kind CLI version

Flags:
  -h, --help              help for kind
  -q, --quiet             silence all stderr output
  -v, --verbosity int32   info log verbosity, higher value produces more output
      --version           version for kind

Use "kind [command] --help" for more information about a command.
root@43453ebeed7f:/app/helm-charts-editor# kind create
Creates one of local Kubernetes cluster (cluster)

Usage:
  kind create [flags]
  kind create [command]

Available Commands:
  cluster     Creates a local Kubernetes cluster

Flags:
  -h, --help   help for create

Global Flags:
  -q, --quiet             silence all stderr output
  -v, --verbosity int32   info log verbosity, higher value produces more output

Use "kind create [command] --help" for more information about a command.
ERROR: Subcommand is required
root@43453ebeed7f:/app/helm-charts-editor# kind create cluster
ERROR: failed to create cluster: failed to get docker info: command "docker info --format '{{json .}}'" failed with error: exec: "docker": executable file not found in $PATH
Command Output: 
root@43453ebeed7f:/app/helm-charts-editor# 
exit
laborant@docker-01:environment$ docker run --rm -it docker:stable-dind
Unable to find image 'docker:stable-dind' locally
stable-dind: Pulling from library/docker
97b4df673d20: Pull complete 
9ec33e9a5dc9: Pull complete 
7f95e189f660: Pull complete 
4de832df471b: Pull complete 
48132e2f3ac7: Pull complete 
79aa7fa92271: Pull complete 
65b6bc45957d: Pull complete 
188c0c94c7c5: Pull complete 
0c7c675703d6: Pull complete 
cc8c12a437cb: Pull complete 
f092543453df: Pull complete 
Digest: sha256:4972457c6a8a4309f9796fc3c8fd288923045ba0e214c102d92b70be99e249d1
Status: Downloaded newer image for docker:stable-dind
Generating RSA private key, 4096 bit long modulus (2 primes)
..........................................................................................................................................................................................................++++
.....................................................................................................++++
e is 65537 (0x010001)
Generating RSA private key, 4096 bit long modulus (2 primes)
......................................................................................................................................................................................................++++
...............++++
e is 65537 (0x010001)
Signature ok
subject=CN = docker:dind server
Getting CA Private Key
/certs/server/cert.pem: OK
Generating RSA private key, 4096 bit long modulus (2 primes)
................................................................................................................................................................................................................................................................................................................................++++
......................................................++++
e is 65537 (0x010001)
Signature ok
subject=CN = docker:dind client
Getting CA Private Key
/certs/client/cert.pem: OK
mount: permission denied (are you root?)
Could not mount /sys/kernel/security.
AppArmor detection and --privileged mode might break.
mount: permission denied (are you root?)
laborant@docker-01:environment$ docker run --privileged --rm -it docker:stable-dind
Generating RSA private key, 4096 bit long modulus (2 primes)
..........................................++++
............................................................++++
e is 65537 (0x010001)
Generating RSA private key, 4096 bit long modulus (2 primes)
.............................................................++++
................................................................++++
e is 65537 (0x010001)
Signature ok
subject=CN = docker:dind server
Getting CA Private Key
/certs/server/cert.pem: OK
Generating RSA private key, 4096 bit long modulus (2 primes)
..................................................................................................................................................................................................................................................................................................++++
.......................................................++++
e is 65537 (0x010001)
Signature ok
subject=CN = docker:dind client
Getting CA Private Key
/certs/client/cert.pem: OK
INFO[2026-03-15T11:54:15.148617469Z] Starting up                                  
WARN[2026-03-15T11:54:15.149765539Z] could not change group /var/run/docker.sock to docker: group docker not found 
INFO[2026-03-15T11:54:15.150497920Z] libcontainerd: started new containerd process  pid=56
INFO[2026-03-15T11:54:15.150534660Z] parsed scheme: "unix"                         module=grpc
INFO[2026-03-15T11:54:15.150544058Z] scheme "unix" not registered, fallback to default scheme  module=grpc
INFO[2026-03-15T11:54:15.150562663Z] ccResolverWrapper: sending update to cc: {[{unix:///var/run/docker/containerd/containerd.sock 0  <nil>}] <nil>}  module=grpc
INFO[2026-03-15T11:54:15.150572252Z] ClientConn switching balancer to "pick_first"  module=grpc
INFO[2026-03-15T11:54:15.164230402Z] starting containerd                           revision=ea765aba0d05254012b0b9e595e995c09186427f version=v1.3.9
INFO[2026-03-15T11:54:15.174364680Z] loading plugin "io.containerd.content.v1.content"...  type=io.containerd.content.v1
INFO[2026-03-15T11:54:15.174500959Z] loading plugin "io.containerd.snapshotter.v1.btrfs"...  type=io.containerd.snapshotter.v1
INFO[2026-03-15T11:54:15.174802031Z] skip loading plugin "io.containerd.snapshotter.v1.btrfs"...  error="path /var/lib/docker/containerd/daemon/io.containerd.snapshotter.v1.btrfs (ext4) must be a btrfs filesystem to be used with the btrfs snapshotter: skip plugin" type=io.containerd.snapshotter.v1
INFO[2026-03-15T11:54:15.174834623Z] loading plugin "io.containerd.snapshotter.v1.devmapper"...  type=io.containerd.snapshotter.v1
WARN[2026-03-15T11:54:15.174855152Z] failed to load plugin io.containerd.snapshotter.v1.devmapper  error="devmapper not configured"
INFO[2026-03-15T11:54:15.174862456Z] loading plugin "io.containerd.snapshotter.v1.aufs"...  type=io.containerd.snapshotter.v1
INFO[2026-03-15T11:54:15.179925622Z] skip loading plugin "io.containerd.snapshotter.v1.aufs"...  error="modprobe aufs failed: \"ip: can't find device 'aufs'\\nmodprobe: can't change directory to '/lib/modules': No such file or directory\\n\": exit status 1: skip plugin" type=io.containerd.snapshotter.v1
INFO[2026-03-15T11:54:15.179941973Z] loading plugin "io.containerd.snapshotter.v1.native"...  type=io.containerd.snapshotter.v1
INFO[2026-03-15T11:54:15.180017957Z] loading plugin "io.containerd.snapshotter.v1.overlayfs"...  type=io.containerd.snapshotter.v1
INFO[2026-03-15T11:54:15.180175316Z] loading plugin "io.containerd.snapshotter.v1.zfs"...  type=io.containerd.snapshotter.v1
INFO[2026-03-15T11:54:15.180258284Z] skip loading plugin "io.containerd.snapshotter.v1.zfs"...  error="path /var/lib/docker/containerd/daemon/io.containerd.snapshotter.v1.zfs must be a zfs filesystem to be used with the zfs snapshotter: skip plugin" type=io.containerd.snapshotter.v1
INFO[2026-03-15T11:54:15.180266239Z] loading plugin "io.containerd.metadata.v1.bolt"...  type=io.containerd.metadata.v1
WARN[2026-03-15T11:54:15.180309882Z] could not use snapshotter devmapper in metadata plugin  error="devmapper not configured"
INFO[2026-03-15T11:54:15.180315462Z] metadata content store policy set             policy=shared
INFO[2026-03-15T11:54:15.181407767Z] loading plugin "io.containerd.differ.v1.walking"...  type=io.containerd.differ.v1
INFO[2026-03-15T11:54:15.181423026Z] loading plugin "io.containerd.gc.v1.scheduler"...  type=io.containerd.gc.v1
INFO[2026-03-15T11:54:15.181446581Z] loading plugin "io.containerd.service.v1.containers-service"...  type=io.containerd.service.v1
INFO[2026-03-15T11:54:15.181456970Z] loading plugin "io.containerd.service.v1.content-service"...  type=io.containerd.service.v1
INFO[2026-03-15T11:54:15.181689322Z] loading plugin "io.containerd.service.v1.diff-service"...  type=io.containerd.service.v1
INFO[2026-03-15T11:54:15.181709330Z] loading plugin "io.containerd.service.v1.images-service"...  type=io.containerd.service.v1
INFO[2026-03-15T11:54:15.181732233Z] loading plugin "io.containerd.service.v1.leases-service"...  type=io.containerd.service.v1
INFO[2026-03-15T11:54:15.181752502Z] loading plugin "io.containerd.service.v1.namespaces-service"...  type=io.containerd.service.v1
INFO[2026-03-15T11:54:15.181763302Z] loading plugin "io.containerd.service.v1.snapshots-service"...  type=io.containerd.service.v1
INFO[2026-03-15T11:54:15.181784202Z] loading plugin "io.containerd.runtime.v1.linux"...  type=io.containerd.runtime.v1
INFO[2026-03-15T11:54:15.181989622Z] loading plugin "io.containerd.runtime.v2.task"...  type=io.containerd.runtime.v2
INFO[2026-03-15T11:54:15.182178471Z] loading plugin "io.containerd.monitor.v1.cgroups"...  type=io.containerd.monitor.v1
INFO[2026-03-15T11:54:15.182364935Z] loading plugin "io.containerd.service.v1.tasks-service"...  type=io.containerd.service.v1
INFO[2026-03-15T11:54:15.182383139Z] loading plugin "io.containerd.internal.v1.restart"...  type=io.containerd.internal.v1
INFO[2026-03-15T11:54:15.182421142Z] loading plugin "io.containerd.grpc.v1.containers"...  type=io.containerd.grpc.v1
INFO[2026-03-15T11:54:15.182435198Z] loading plugin "io.containerd.grpc.v1.content"...  type=io.containerd.grpc.v1
INFO[2026-03-15T11:54:15.182445899Z] loading plugin "io.containerd.grpc.v1.diff"...  type=io.containerd.grpc.v1
INFO[2026-03-15T11:54:15.182453243Z] loading plugin "io.containerd.grpc.v1.events"...  type=io.containerd.grpc.v1
INFO[2026-03-15T11:54:15.182492106Z] loading plugin "io.containerd.grpc.v1.healthcheck"...  type=io.containerd.grpc.v1
INFO[2026-03-15T11:54:15.182505752Z] loading plugin "io.containerd.grpc.v1.images"...  type=io.containerd.grpc.v1
INFO[2026-03-15T11:54:15.182514469Z] loading plugin "io.containerd.grpc.v1.leases"...  type=io.containerd.grpc.v1
INFO[2026-03-15T11:54:15.182523346Z] loading plugin "io.containerd.grpc.v1.namespaces"...  type=io.containerd.grpc.v1
INFO[2026-03-15T11:54:15.182543925Z] loading plugin "io.containerd.internal.v1.opt"...  type=io.containerd.internal.v1
INFO[2026-03-15T11:54:15.182835168Z] loading plugin "io.containerd.grpc.v1.snapshots"...  type=io.containerd.grpc.v1
INFO[2026-03-15T11:54:15.182856759Z] loading plugin "io.containerd.grpc.v1.tasks"...  type=io.containerd.grpc.v1
INFO[2026-03-15T11:54:15.182865856Z] loading plugin "io.containerd.grpc.v1.version"...  type=io.containerd.grpc.v1
INFO[2026-03-15T11:54:15.182873601Z] loading plugin "io.containerd.grpc.v1.introspection"...  type=io.containerd.grpc.v1
INFO[2026-03-15T11:54:15.183032383Z] serving...                                    address=/var/run/docker/containerd/containerd-debug.sock
INFO[2026-03-15T11:54:15.183100141Z] serving...                                    address=/var/run/docker/containerd/containerd.sock.ttrpc
INFO[2026-03-15T11:54:15.183205952Z] serving...                                    address=/var/run/docker/containerd/containerd.sock
INFO[2026-03-15T11:54:15.183218747Z] containerd successfully booted in 0.019485s  
INFO[2026-03-15T11:54:15.192980527Z] parsed scheme: "unix"                         module=grpc
INFO[2026-03-15T11:54:15.193065228Z] scheme "unix" not registered, fallback to default scheme  module=grpc
INFO[2026-03-15T11:54:15.193117477Z] ccResolverWrapper: sending update to cc: {[{unix:///var/run/docker/containerd/containerd.sock 0  <nil>}] <nil>}  module=grpc
INFO[2026-03-15T11:54:15.193151662Z] ClientConn switching balancer to "pick_first"  module=grpc
INFO[2026-03-15T11:54:15.193763554Z] parsed scheme: "unix"                         module=grpc
INFO[2026-03-15T11:54:15.193778573Z] scheme "unix" not registered, fallback to default scheme  module=grpc
INFO[2026-03-15T11:54:15.193797138Z] ccResolverWrapper: sending update to cc: {[{unix:///var/run/docker/containerd/containerd.sock 0  <nil>}] <nil>}  module=grpc
INFO[2026-03-15T11:54:15.193883232Z] ClientConn switching balancer to "pick_first"  module=grpc
WARN[2026-03-15T11:54:15.205075298Z] Your kernel does not support swap memory limit 
WARN[2026-03-15T11:54:15.205087601Z] Your kernel does not support memory reservation 
WARN[2026-03-15T11:54:15.205091228Z] Your kernel does not support oom control     
WARN[2026-03-15T11:54:15.205096949Z] Your kernel does not support memory swappiness 
WARN[2026-03-15T11:54:15.205100276Z] Your kernel does not support kernel memory limit 
WARN[2026-03-15T11:54:15.205102941Z] Your kernel does not support kernel memory TCP limit 
WARN[2026-03-15T11:54:15.205106457Z] Your kernel does not support cgroup cpu shares 
WARN[2026-03-15T11:54:15.205110355Z] Your kernel does not support cgroup cfs period 
WARN[2026-03-15T11:54:15.205113571Z] Your kernel does not support cgroup cfs quotas 
WARN[2026-03-15T11:54:15.205119332Z] Your kernel does not support cgroup rt period 
WARN[2026-03-15T11:54:15.205124261Z] Your kernel does not support cgroup rt runtime 
WARN[2026-03-15T11:54:15.205127267Z] Unable to find blkio cgroup in mounts        
INFO[2026-03-15T11:54:15.205238428Z] Loading containers: start.                   
INFO[2026-03-15T11:54:15.238376377Z] Default bridge (docker0) is assigned with an IP address 172.18.0.0/16. Daemon option --bip can be used to set a preferred IP address 
INFO[2026-03-15T11:54:15.262953756Z] Loading containers: done.                    
INFO[2026-03-15T11:54:15.269004279Z] Docker daemon                                 commit=5eb3275 graphdriver(s)=overlay2 version=19.03.14
INFO[2026-03-15T11:54:15.269133624Z] Daemon has completed initialization          
INFO[2026-03-15T11:54:15.282434797Z] API listen on /var/run/docker.sock           
INFO[2026-03-15T11:54:15.282437472Z] API listen on [::]:2376                      


^CINFO[2026-03-15T11:54:24.610265883Z] Processing signal 'interrupt'                
INFO[2026-03-15T11:54:24.611435605Z] Daemon shutdown complete                     
INFO[2026-03-15T11:54:24.611499747Z] stopping event stream following graceful shutdown  error="context canceled" module=libcontainerd namespace=moby
INFO[2026-03-15T11:54:24.611537158Z] stopping healthcheck following graceful shutdown  module=libcontainerd
INFO[2026-03-15T11:54:24.611566214Z] stopping event stream following graceful shutdown  error="context canceled" module=libcontainerd namespace=plugins.moby
laborant@docker-01:environment$ docker run --privileged --rm -it docker:stable-dind bash
/usr/local/bin/docker-entrypoint.sh: exec: line 61: bash: not found
laborant@docker-01:environment$ docker run --privileged --rm docker:stable-dind 
Generating RSA private key, 4096 bit long modulus (2 primes)
...++++
........++++
e is 65537 (0x010001)
Generating RSA private key, 4096 bit long modulus (2 primes)
.......................................................++++
..............................................................................++++
e is 65537 (0x010001)
Signature ok
subject=CN = docker:dind server
Getting CA Private Key
/certs/server/cert.pem: OK
Generating RSA private key, 4096 bit long modulus (2 primes)
...........................++++
........++++
e is 65537 (0x010001)
Signature ok
subject=CN = docker:dind client
Getting CA Private Key
/certs/client/cert.pem: OK
time="2026-03-15T11:54:44.553617695Z" level=info msg="Starting up"
time="2026-03-15T11:54:44.554652642Z" level=warning msg="could not change group /var/run/docker.sock to docker: group docker not found"
time="2026-03-15T11:54:44.555399802Z" level=info msg="libcontainerd: started new containerd process" pid=56
time="2026-03-15T11:54:44.555439498Z" level=info msg="parsed scheme: \"unix\"" module=grpc
time="2026-03-15T11:54:44.555458744Z" level=info msg="scheme \"unix\" not registered, fallback to default scheme" module=grpc
time="2026-03-15T11:54:44.555499211Z" level=info msg="ccResolverWrapper: sending update to cc: {[{unix:///var/run/docker/containerd/containerd.sock 0  <nil>}] <nil>}" module=grpc
time="2026-03-15T11:54:44.555517156Z" level=info msg="ClientConn switching balancer to \"pick_first\"" module=grpc
time="2026-03-15T11:54:44.567092581Z" level=info msg="starting containerd" revision=ea765aba0d05254012b0b9e595e995c09186427f version=v1.3.9
time="2026-03-15T11:54:44.576220934Z" level=info msg="loading plugin \"io.containerd.content.v1.content\"..." type=io.containerd.content.v1
time="2026-03-15T11:54:44.576310505Z" level=info msg="loading plugin \"io.containerd.snapshotter.v1.btrfs\"..." type=io.containerd.snapshotter.v1
time="2026-03-15T11:54:44.576545201Z" level=info msg="skip loading plugin \"io.containerd.snapshotter.v1.btrfs\"..." error="path /var/lib/docker/containerd/daemon/io.containerd.snapshotter.v1.btrfs (ext4) must be a btrfs filesystem to be used with the btrfs snapshotter: skip plugin" type=io.containerd.snapshotter.v1
time="2026-03-15T11:54:44.576560580Z" level=info msg="loading plugin \"io.containerd.snapshotter.v1.devmapper\"..." type=io.containerd.snapshotter.v1
time="2026-03-15T11:54:44.576578955Z" level=warning msg="failed to load plugin io.containerd.snapshotter.v1.devmapper" error="devmapper not configured"
time="2026-03-15T11:54:44.576600265Z" level=info msg="loading plugin \"io.containerd.snapshotter.v1.aufs\"..." type=io.containerd.snapshotter.v1
time="2026-03-15T11:54:44.580577657Z" level=info msg="skip loading plugin \"io.containerd.snapshotter.v1.aufs\"..." error="modprobe aufs failed: \"ip: can't find device 'aufs'\\nmodprobe: can't change directory to '/lib/modules': No such file or directory\\n\": exit status 1: skip plugin" type=io.containerd.snapshotter.v1
time="2026-03-15T11:54:44.580608736Z" level=info msg="loading plugin \"io.containerd.snapshotter.v1.native\"..." type=io.containerd.snapshotter.v1
time="2026-03-15T11:54:44.580684079Z" level=info msg="loading plugin \"io.containerd.snapshotter.v1.overlayfs\"..." type=io.containerd.snapshotter.v1
time="2026-03-15T11:54:44.580832341Z" level=info msg="loading plugin \"io.containerd.snapshotter.v1.zfs\"..." type=io.containerd.snapshotter.v1
time="2026-03-15T11:54:44.581012083Z" level=info msg="skip loading plugin \"io.containerd.snapshotter.v1.zfs\"..." error="path /var/lib/docker/containerd/daemon/io.containerd.snapshotter.v1.zfs must be a zfs filesystem to be used with the zfs snapshotter: skip plugin" type=io.containerd.snapshotter.v1
time="2026-03-15T11:54:44.581048763Z" level=info msg="loading plugin \"io.containerd.metadata.v1.bolt\"..." type=io.containerd.metadata.v1
time="2026-03-15T11:54:44.581106472Z" level=warning msg="could not use snapshotter devmapper in metadata plugin" error="devmapper not configured"
time="2026-03-15T11:54:44.581136089Z" level=info msg="metadata content store policy set" policy=shared
time="2026-03-15T11:54:44.582552571Z" level=info msg="loading plugin \"io.containerd.differ.v1.walking\"..." type=io.containerd.differ.v1
time="2026-03-15T11:54:44.582601334Z" level=info msg="loading plugin \"io.containerd.gc.v1.scheduler\"..." type=io.containerd.gc.v1
time="2026-03-15T11:54:44.582678781Z" level=info msg="loading plugin \"io.containerd.service.v1.containers-service\"..." type=io.containerd.service.v1
time="2026-03-15T11:54:44.582727313Z" level=info msg="loading plugin \"io.containerd.service.v1.content-service\"..." type=io.containerd.service.v1
time="2026-03-15T11:54:44.582757611Z" level=info msg="loading plugin \"io.containerd.service.v1.diff-service\"..." type=io.containerd.service.v1
time="2026-03-15T11:54:44.582796826Z" level=info msg="loading plugin \"io.containerd.service.v1.images-service\"..." type=io.containerd.service.v1
time="2026-03-15T11:54:44.582825410Z" level=info msg="loading plugin \"io.containerd.service.v1.leases-service\"..." type=io.containerd.service.v1
time="2026-03-15T11:54:44.582844095Z" level=info msg="loading plugin \"io.containerd.service.v1.namespaces-service\"..." type=io.containerd.service.v1
time="2026-03-15T11:54:44.582888019Z" level=info msg="loading plugin \"io.containerd.service.v1.snapshots-service\"..." type=io.containerd.service.v1
time="2026-03-15T11:54:44.582938124Z" level=info msg="loading plugin \"io.containerd.runtime.v1.linux\"..." type=io.containerd.runtime.v1
time="2026-03-15T11:54:44.583096074Z" level=info msg="loading plugin \"io.containerd.runtime.v2.task\"..." type=io.containerd.runtime.v2
time="2026-03-15T11:54:44.583271398Z" level=info msg="loading plugin \"io.containerd.monitor.v1.cgroups\"..." type=io.containerd.monitor.v1
time="2026-03-15T11:54:44.583553594Z" level=info msg="loading plugin \"io.containerd.service.v1.tasks-service\"..." type=io.containerd.service.v1
time="2026-03-15T11:54:44.583602667Z" level=info msg="loading plugin \"io.containerd.internal.v1.restart\"..." type=io.containerd.internal.v1
time="2026-03-15T11:54:44.583676377Z" level=info msg="loading plugin \"io.containerd.grpc.v1.containers\"..." type=io.containerd.grpc.v1
time="2026-03-15T11:54:44.583758894Z" level=info msg="loading plugin \"io.containerd.grpc.v1.content\"..." type=io.containerd.grpc.v1
time="2026-03-15T11:54:44.583806345Z" level=info msg="loading plugin \"io.containerd.grpc.v1.diff\"..." type=io.containerd.grpc.v1
time="2026-03-15T11:54:44.583821704Z" level=info msg="loading plugin \"io.containerd.grpc.v1.events\"..." type=io.containerd.grpc.v1
time="2026-03-15T11:54:44.583835811Z" level=info msg="loading plugin \"io.containerd.grpc.v1.healthcheck\"..." type=io.containerd.grpc.v1
time="2026-03-15T11:54:44.583867180Z" level=info msg="loading plugin \"io.containerd.grpc.v1.images\"..." type=io.containerd.grpc.v1
time="2026-03-15T11:54:44.583891506Z" level=info msg="loading plugin \"io.containerd.grpc.v1.leases\"..." type=io.containerd.grpc.v1
time="2026-03-15T11:54:44.583907607Z" level=info msg="loading plugin \"io.containerd.grpc.v1.namespaces\"..." type=io.containerd.grpc.v1
time="2026-03-15T11:54:44.583922736Z" level=info msg="loading plugin \"io.containerd.internal.v1.opt\"..." type=io.containerd.internal.v1
time="2026-03-15T11:54:44.584119390Z" level=info msg="loading plugin \"io.containerd.grpc.v1.snapshots\"..." type=io.containerd.grpc.v1
time="2026-03-15T11:54:44.584156300Z" level=info msg="loading plugin \"io.containerd.grpc.v1.tasks\"..." type=io.containerd.grpc.v1
time="2026-03-15T11:54:44.584174685Z" level=info msg="loading plugin \"io.containerd.grpc.v1.version\"..." type=io.containerd.grpc.v1
time="2026-03-15T11:54:44.584188481Z" level=info msg="loading plugin \"io.containerd.grpc.v1.introspection\"..." type=io.containerd.grpc.v1
time="2026-03-15T11:54:44.584397578Z" level=info msg=serving... address=/var/run/docker/containerd/containerd-debug.sock
time="2026-03-15T11:54:44.584545520Z" level=info msg=serving... address=/var/run/docker/containerd/containerd.sock.ttrpc
time="2026-03-15T11:54:44.584676108Z" level=info msg=serving... address=/var/run/docker/containerd/containerd.sock
time="2026-03-15T11:54:44.584777971Z" level=info msg="containerd successfully booted in 0.018145s"
time="2026-03-15T11:54:44.587834763Z" level=info msg="parsed scheme: \"unix\"" module=grpc
time="2026-03-15T11:54:44.587881622Z" level=info msg="scheme \"unix\" not registered, fallback to default scheme" module=grpc
time="2026-03-15T11:54:44.587927449Z" level=info msg="ccResolverWrapper: sending update to cc: {[{unix:///var/run/docker/containerd/containerd.sock 0  <nil>}] <nil>}" module=grpc
time="2026-03-15T11:54:44.587992212Z" level=info msg="ClientConn switching balancer to \"pick_first\"" module=grpc
time="2026-03-15T11:54:44.588635355Z" level=info msg="parsed scheme: \"unix\"" module=grpc
time="2026-03-15T11:54:44.588674049Z" level=info msg="scheme \"unix\" not registered, fallback to default scheme" module=grpc
time="2026-03-15T11:54:44.588769520Z" level=info msg="ccResolverWrapper: sending update to cc: {[{unix:///var/run/docker/containerd/containerd.sock 0  <nil>}] <nil>}" module=grpc
time="2026-03-15T11:54:44.588820908Z" level=info msg="ClientConn switching balancer to \"pick_first\"" module=grpc
time="2026-03-15T11:54:44.598956866Z" level=warning msg="Your kernel does not support swap memory limit"
time="2026-03-15T11:54:44.598974420Z" level=warning msg="Your kernel does not support memory reservation"
time="2026-03-15T11:54:44.598981222Z" level=warning msg="Your kernel does not support oom control"
time="2026-03-15T11:54:44.598985581Z" level=warning msg="Your kernel does not support memory swappiness"
time="2026-03-15T11:54:44.598989909Z" level=warning msg="Your kernel does not support kernel memory limit"
time="2026-03-15T11:54:44.598993736Z" level=warning msg="Your kernel does not support kernel memory TCP limit"
time="2026-03-15T11:54:44.598997433Z" level=warning msg="Your kernel does not support cgroup cpu shares"
time="2026-03-15T11:54:44.599001010Z" level=warning msg="Your kernel does not support cgroup cfs period"
time="2026-03-15T11:54:44.599004697Z" level=warning msg="Your kernel does not support cgroup cfs quotas"
time="2026-03-15T11:54:44.599008524Z" level=warning msg="Your kernel does not support cgroup rt period"
time="2026-03-15T11:54:44.599010939Z" level=warning msg="Your kernel does not support cgroup rt runtime"
time="2026-03-15T11:54:44.599013303Z" level=warning msg="Unable to find blkio cgroup in mounts"
time="2026-03-15T11:54:44.599160473Z" level=info msg="Loading containers: start."
time="2026-03-15T11:54:44.630891134Z" level=info msg="Default bridge (docker0) is assigned with an IP address 172.18.0.0/16. Daemon option --bip can be used to set a preferred IP address"
time="2026-03-15T11:54:44.649388348Z" level=info msg="Loading containers: done."
time="2026-03-15T11:54:44.655990248Z" level=info msg="Docker daemon" commit=5eb3275 graphdriver(s)=overlay2 version=19.03.14
time="2026-03-15T11:54:44.656140894Z" level=info msg="Daemon has completed initialization"
time="2026-03-15T11:54:44.667886433Z" level=info msg="API listen on [::]:2376"
time="2026-03-15T11:54:44.667901562Z" level=info msg="API listen on /var/run/docker.sock"
^Ctime="2026-03-15T11:54:47.560898546Z" level=info msg="Processing signal 'interrupt'"
time="2026-03-15T11:54:47.561491975Z" level=info msg="stopping event stream following graceful shutdown" error="<nil>" module=libcontainerd namespace=moby
time="2026-03-15T11:54:47.562071356Z" level=info msg="Daemon shutdown complete"
time="2026-03-15T11:54:47.562075905Z" level=info msg="stopping healthcheck following graceful shutdown" module=libcontainerd
time="2026-03-15T11:54:47.562110621Z" level=info msg="stopping event stream following graceful shutdown" error="context canceled" module=libcontainerd namespace=plugins.moby
laborant@docker-01:environment$ 
laborant@docker-01:environment$ docker run --privileged --rm -it docker:stable-dind 
Generating RSA private key, 4096 bit long modulus (2 primes)
......................................................................++++
...............++++
e is 65537 (0x010001)
Generating RSA private key, 4096 bit long modulus (2 primes)
........................................................................................................................................................................................................++++
.................++++
e is 65537 (0x010001)
Signature ok
subject=CN = docker:dind server
Getting CA Private Key
/certs/server/cert.pem: OK
Generating RSA private key, 4096 bit long modulus (2 primes)
............................................................................++++
..............++++
e is 65537 (0x010001)
Signature ok
subject=CN = docker:dind client
Getting CA Private Key
/certs/client/cert.pem: OK
INFO[2026-03-15T11:54:53.482629602Z] Starting up                                  
WARN[2026-03-15T11:54:53.483627048Z] could not change group /var/run/docker.sock to docker: group docker not found 
INFO[2026-03-15T11:54:53.484312211Z] libcontainerd: started new containerd process  pid=56
INFO[2026-03-15T11:54:53.484341266Z] parsed scheme: "unix"                         module=grpc
INFO[2026-03-15T11:54:53.484350774Z] scheme "unix" not registered, fallback to default scheme  module=grpc
INFO[2026-03-15T11:54:53.484396381Z] ccResolverWrapper: sending update to cc: {[{unix:///var/run/docker/containerd/containerd.sock 0  <nil>}] <nil>}  module=grpc
INFO[2026-03-15T11:54:53.484408063Z] ClientConn switching balancer to "pick_first"  module=grpc
INFO[2026-03-15T11:54:53.493531141Z] starting containerd                           revision=ea765aba0d05254012b0b9e595e995c09186427f version=v1.3.9
INFO[2026-03-15T11:54:53.501915415Z] loading plugin "io.containerd.content.v1.content"...  type=io.containerd.content.v1
INFO[2026-03-15T11:54:53.502023540Z] loading plugin "io.containerd.snapshotter.v1.btrfs"...  type=io.containerd.snapshotter.v1
INFO[2026-03-15T11:54:53.502227949Z] skip loading plugin "io.containerd.snapshotter.v1.btrfs"...  error="path /var/lib/docker/containerd/daemon/io.containerd.snapshotter.v1.btrfs (ext4) must be a btrfs filesystem to be used with the btrfs snapshotter: skip plugin" type=io.containerd.snapshotter.v1
INFO[2026-03-15T11:54:53.502253307Z] loading plugin "io.containerd.snapshotter.v1.devmapper"...  type=io.containerd.snapshotter.v1
WARN[2026-03-15T11:54:53.502331215Z] failed to load plugin io.containerd.snapshotter.v1.devmapper  error="devmapper not configured"
INFO[2026-03-15T11:54:53.502341765Z] loading plugin "io.containerd.snapshotter.v1.aufs"...  type=io.containerd.snapshotter.v1
INFO[2026-03-15T11:54:53.506889924Z] skip loading plugin "io.containerd.snapshotter.v1.aufs"...  error="modprobe aufs failed: \"ip: can't find device 'aufs'\\nmodprobe: can't change directory to '/lib/modules': No such file or directory\\n\": exit status 1: skip plugin" type=io.containerd.snapshotter.v1
INFO[2026-03-15T11:54:53.506907427Z] loading plugin "io.containerd.snapshotter.v1.native"...  type=io.containerd.snapshotter.v1
INFO[2026-03-15T11:54:53.506989052Z] loading plugin "io.containerd.snapshotter.v1.overlayfs"...  type=io.containerd.snapshotter.v1
INFO[2026-03-15T11:54:53.507204171Z] loading plugin "io.containerd.snapshotter.v1.zfs"...  type=io.containerd.snapshotter.v1
INFO[2026-03-15T11:54:53.507373022Z] skip loading plugin "io.containerd.snapshotter.v1.zfs"...  error="path /var/lib/docker/containerd/daemon/io.containerd.snapshotter.v1.zfs must be a zfs filesystem to be used with the zfs snapshotter: skip plugin" type=io.containerd.snapshotter.v1
INFO[2026-03-15T11:54:53.507401797Z] loading plugin "io.containerd.metadata.v1.bolt"...  type=io.containerd.metadata.v1
WARN[2026-03-15T11:54:53.507443136Z] could not use snapshotter devmapper in metadata plugin  error="devmapper not configured"
INFO[2026-03-15T11:54:53.507464647Z] metadata content store policy set             policy=shared
INFO[2026-03-15T11:54:53.508475499Z] loading plugin "io.containerd.differ.v1.walking"...  type=io.containerd.differ.v1
INFO[2026-03-15T11:54:53.508496288Z] loading plugin "io.containerd.gc.v1.scheduler"...  type=io.containerd.gc.v1
INFO[2026-03-15T11:54:53.508536485Z] loading plugin "io.containerd.service.v1.containers-service"...  type=io.containerd.service.v1
INFO[2026-03-15T11:54:53.508590738Z] loading plugin "io.containerd.service.v1.content-service"...  type=io.containerd.service.v1
INFO[2026-03-15T11:54:53.508671141Z] loading plugin "io.containerd.service.v1.diff-service"...  type=io.containerd.service.v1
INFO[2026-03-15T11:54:53.508691540Z] loading plugin "io.containerd.service.v1.images-service"...  type=io.containerd.service.v1
INFO[2026-03-15T11:54:53.508725815Z] loading plugin "io.containerd.service.v1.leases-service"...  type=io.containerd.service.v1
INFO[2026-03-15T11:54:53.508767013Z] loading plugin "io.containerd.service.v1.namespaces-service"...  type=io.containerd.service.v1
INFO[2026-03-15T11:54:53.508783505Z] loading plugin "io.containerd.service.v1.snapshots-service"...  type=io.containerd.service.v1
INFO[2026-03-15T11:54:53.508999636Z] loading plugin "io.containerd.runtime.v1.linux"...  type=io.containerd.runtime.v1
INFO[2026-03-15T11:54:53.509229943Z] loading plugin "io.containerd.runtime.v2.task"...  type=io.containerd.runtime.v2
INFO[2026-03-15T11:54:53.509396821Z] loading plugin "io.containerd.monitor.v1.cgroups"...  type=io.containerd.monitor.v1
INFO[2026-03-15T11:54:53.509667886Z] loading plugin "io.containerd.service.v1.tasks-service"...  type=io.containerd.service.v1
INFO[2026-03-15T11:54:53.509689587Z] loading plugin "io.containerd.internal.v1.restart"...  type=io.containerd.internal.v1
INFO[2026-03-15T11:54:53.509723572Z] loading plugin "io.containerd.grpc.v1.containers"...  type=io.containerd.grpc.v1
INFO[2026-03-15T11:54:53.509773287Z] loading plugin "io.containerd.grpc.v1.content"...  type=io.containerd.grpc.v1
INFO[2026-03-15T11:54:53.509786462Z] loading plugin "io.containerd.grpc.v1.diff"...  type=io.containerd.grpc.v1
INFO[2026-03-15T11:54:53.509794487Z] loading plugin "io.containerd.grpc.v1.events"...  type=io.containerd.grpc.v1
INFO[2026-03-15T11:54:53.509802693Z] loading plugin "io.containerd.grpc.v1.healthcheck"...  type=io.containerd.grpc.v1
INFO[2026-03-15T11:54:53.509834683Z] loading plugin "io.containerd.grpc.v1.images"...  type=io.containerd.grpc.v1
INFO[2026-03-15T11:54:53.509845534Z] loading plugin "io.containerd.grpc.v1.leases"...  type=io.containerd.grpc.v1
INFO[2026-03-15T11:54:53.509856755Z] loading plugin "io.containerd.grpc.v1.namespaces"...  type=io.containerd.grpc.v1
INFO[2026-03-15T11:54:53.509865712Z] loading plugin "io.containerd.internal.v1.opt"...  type=io.containerd.internal.v1
INFO[2026-03-15T11:54:53.510081903Z] loading plugin "io.containerd.grpc.v1.snapshots"...  type=io.containerd.grpc.v1
INFO[2026-03-15T11:54:53.510095740Z] loading plugin "io.containerd.grpc.v1.tasks"...  type=io.containerd.grpc.v1
INFO[2026-03-15T11:54:53.510105769Z] loading plugin "io.containerd.grpc.v1.version"...  type=io.containerd.grpc.v1
INFO[2026-03-15T11:54:53.510113233Z] loading plugin "io.containerd.grpc.v1.introspection"...  type=io.containerd.grpc.v1
INFO[2026-03-15T11:54:53.510293746Z] serving...                                    address=/var/run/docker/containerd/containerd-debug.sock
INFO[2026-03-15T11:54:53.510379790Z] serving...                                    address=/var/run/docker/containerd/containerd.sock.ttrpc
INFO[2026-03-15T11:54:53.510460413Z] serving...                                    address=/var/run/docker/containerd/containerd.sock
INFO[2026-03-15T11:54:53.510474360Z] containerd successfully booted in 0.017413s  
INFO[2026-03-15T11:54:53.516310046Z] parsed scheme: "unix"                         module=grpc
INFO[2026-03-15T11:54:53.516326488Z] scheme "unix" not registered, fallback to default scheme  module=grpc
INFO[2026-03-15T11:54:53.516382725Z] ccResolverWrapper: sending update to cc: {[{unix:///var/run/docker/containerd/containerd.sock 0  <nil>}] <nil>}  module=grpc
INFO[2026-03-15T11:54:53.516413934Z] ClientConn switching balancer to "pick_first"  module=grpc
INFO[2026-03-15T11:54:53.518286635Z] parsed scheme: "unix"                         module=grpc
INFO[2026-03-15T11:54:53.518300431Z] scheme "unix" not registered, fallback to default scheme  module=grpc
INFO[2026-03-15T11:54:53.518310761Z] ccResolverWrapper: sending update to cc: {[{unix:///var/run/docker/containerd/containerd.sock 0  <nil>}] <nil>}  module=grpc
INFO[2026-03-15T11:54:53.518316922Z] ClientConn switching balancer to "pick_first"  module=grpc
WARN[2026-03-15T11:54:53.526742734Z] Your kernel does not support swap memory limit 
WARN[2026-03-15T11:54:53.526753535Z] Your kernel does not support memory reservation 
WARN[2026-03-15T11:54:53.526759156Z] Your kernel does not support oom control     
WARN[2026-03-15T11:54:53.526763604Z] Your kernel does not support memory swappiness 
WARN[2026-03-15T11:54:53.526767792Z] Your kernel does not support kernel memory limit 
WARN[2026-03-15T11:54:53.526770808Z] Your kernel does not support kernel memory TCP limit 
WARN[2026-03-15T11:54:53.526777200Z] Your kernel does not support cgroup cpu shares 
WARN[2026-03-15T11:54:53.526784263Z] Your kernel does not support cgroup cfs period 
WARN[2026-03-15T11:54:53.526789383Z] Your kernel does not support cgroup cfs quotas 
WARN[2026-03-15T11:54:53.526791958Z] Your kernel does not support cgroup rt period 
WARN[2026-03-15T11:54:53.526796707Z] Your kernel does not support cgroup rt runtime 
WARN[2026-03-15T11:54:53.526801015Z] Unable to find blkio cgroup in mounts        
INFO[2026-03-15T11:54:53.526923308Z] Loading containers: start.                   
INFO[2026-03-15T11:54:53.556324936Z] Default bridge (docker0) is assigned with an IP address 172.18.0.0/16. Daemon option --bip can be used to set a preferred IP address 
INFO[2026-03-15T11:54:53.574163426Z] Loading containers: done.                    
INFO[2026-03-15T11:54:53.579258625Z] Docker daemon                                 commit=5eb3275 graphdriver(s)=overlay2 version=19.03.14
INFO[2026-03-15T11:54:53.579356561Z] Daemon has completed initialization          
INFO[2026-03-15T11:54:53.591847844Z] API listen on [::]:2376                      
INFO[2026-03-15T11:54:53.591885576Z] API listen on /var/run/docker.sock           
^CINFO[2026-03-15T11:55:36.187107876Z] Processing signal 'interrupt'                
INFO[2026-03-15T11:55:36.187828728Z] stopping event stream following graceful shutdown  error="<nil>" module=libcontainerd namespace=moby
INFO[2026-03-15T11:55:36.187958726Z] Daemon shutdown complete                     
INFO[2026-03-15T11:55:36.187962303Z] stopping healthcheck following graceful shutdown  module=libcontainerd
INFO[2026-03-15T11:55:36.187996598Z] stopping event stream following graceful shutdown  error="context canceled" module=libcontainerd namespace=plugins.moby
laborant@docker-01:environment$ docker run --privileged --rm -it docker:stable-dind docker 

Usage:  docker [OPTIONS] COMMAND

A self-sufficient runtime for containers

Options:
      --config string      Location of client config files (default "/root/.docker")
  -c, --context string     Name of the context to use to connect to the daemon (overrides DOCKER_HOST env var and default context set with
                           "docker context use")
  -D, --debug              Enable debug mode
  -H, --host list          Daemon socket(s) to connect to
  -l, --log-level string   Set the logging level ("debug"|"info"|"warn"|"error"|"fatal") (default "info")
      --tls                Use TLS; implied by --tlsverify
      --tlscacert string   Trust certs signed only by this CA (default "/root/.docker/ca.pem")
      --tlscert string     Path to TLS certificate file (default "/root/.docker/cert.pem")
      --tlskey string      Path to TLS key file (default "/root/.docker/key.pem")
      --tlsverify          Use TLS and verify the remote
  -v, --version            Print version information and quit

Management Commands:
  builder     Manage builds
  config      Manage Docker configs
  container   Manage containers
  context     Manage contexts
  engine      Manage the docker engine
  image       Manage images
  network     Manage networks
  node        Manage Swarm nodes
  plugin      Manage plugins
  secret      Manage Docker secrets
  service     Manage services
  stack       Manage Docker stacks
  swarm       Manage Swarm
  system      Manage Docker
  trust       Manage trust on Docker images
  volume      Manage volumes

Commands:
  attach      Attach local standard input, output, and error streams to a running container
  build       Build an image from a Dockerfile
  commit      Create a new image from a container's changes
  cp          Copy files/folders between a container and the local filesystem
  create      Create a new container
  deploy      Deploy a new stack or update an existing stack
  diff        Inspect changes to files or directories on a container's filesystem
  events      Get real time events from the server
  exec        Run a command in a running container
  export      Export a container's filesystem as a tar archive
  history     Show the history of an image
  images      List images
  import      Import the contents from a tarball to create a filesystem image
  info        Display system-wide information
  inspect     Return low-level information on Docker objects
  kill        Kill one or more running containers
  load        Load an image from a tar archive or STDIN
  login       Log in to a Docker registry
  logout      Log out from a Docker registry
  logs        Fetch the logs of a container
  pause       Pause all processes within one or more containers
  port        List port mappings or a specific mapping for the container
  ps          List containers
  pull        Pull an image or a repository from a registry
  push        Push an image or a repository to a registry
  rename      Rename a container
  restart     Restart one or more containers
  rm          Remove one or more containers
  rmi         Remove one or more images
  run         Run a command in a new container
  save        Save one or more images to a tar archive (streamed to STDOUT by default)
  search      Search the Docker Hub for images
  start       Start one or more stopped containers
  stats       Display a live stream of container(s) resource usage statistics
  stop        Stop one or more running containers
  tag         Create a tag TARGET_IMAGE that refers to SOURCE_IMAGE
  top         Display the running processes of a container
  unpause     Unpause all processes within one or more containers
  update      Update configuration of one or more containers
  version     Show the Docker version information
  wait        Block until one or more containers stop, then print their exit codes

Run 'docker COMMAND --help' for more information on a command.
laborant@docker-01:environment$ docker run --privileged --rm -it docker:stable-dind 
Generating RSA private key, 4096 bit long modulus (2 primes)
.........................................................++++
.......................++++
e is 65537 (0x010001)
Generating RSA private key, 4096 bit long modulus (2 primes)
........................................................................................................................................................++++
..............++++
e is 65537 (0x010001)
Signature ok
subject=CN = docker:dind server
Getting CA Private Key
/certs/server/cert.pem: OK
Generating RSA private key, 4096 bit long modulus (2 primes)
.............................................++++
........................................................................................................................................................................++++
e is 65537 (0x010001)
Signature ok
subject=CN = docker:dind client
Getting CA Private Key
/certs/client/cert.pem: OK
INFO[2026-03-15T12:00:08.447365434Z] Starting up                                  
WARN[2026-03-15T12:00:08.448317344Z] could not change group /var/run/docker.sock to docker: group docker not found 
INFO[2026-03-15T12:00:08.449015679Z] libcontainerd: started new containerd process  pid=56
INFO[2026-03-15T12:00:08.449080443Z] parsed scheme: "unix"                         module=grpc
INFO[2026-03-15T12:00:08.449123445Z] scheme "unix" not registered, fallback to default scheme  module=grpc
INFO[2026-03-15T12:00:08.449157971Z] ccResolverWrapper: sending update to cc: {[{unix:///var/run/docker/containerd/containerd.sock 0  <nil>}] <nil>}  module=grpc
INFO[2026-03-15T12:00:08.449163952Z] ClientConn switching balancer to "pick_first"  module=grpc
INFO[2026-03-15T12:00:08.458541627Z] starting containerd                           revision=ea765aba0d05254012b0b9e595e995c09186427f version=v1.3.9
INFO[2026-03-15T12:00:08.466559563Z] loading plugin "io.containerd.content.v1.content"...  type=io.containerd.content.v1
INFO[2026-03-15T12:00:08.466640758Z] loading plugin "io.containerd.snapshotter.v1.btrfs"...  type=io.containerd.snapshotter.v1
INFO[2026-03-15T12:00:08.466832595Z] skip loading plugin "io.containerd.snapshotter.v1.btrfs"...  error="path /var/lib/docker/containerd/daemon/io.containerd.snapshotter.v1.btrfs (ext4) must be a btrfs filesystem to be used with the btrfs snapshotter: skip plugin" type=io.containerd.snapshotter.v1
INFO[2026-03-15T12:00:08.466853234Z] loading plugin "io.containerd.snapshotter.v1.devmapper"...  type=io.containerd.snapshotter.v1
WARN[2026-03-15T12:00:08.466868503Z] failed to load plugin io.containerd.snapshotter.v1.devmapper  error="devmapper not configured"
INFO[2026-03-15T12:00:08.466877581Z] loading plugin "io.containerd.snapshotter.v1.aufs"...  type=io.containerd.snapshotter.v1
INFO[2026-03-15T12:00:08.471070505Z] skip loading plugin "io.containerd.snapshotter.v1.aufs"...  error="modprobe aufs failed: \"ip: can't find device 'aufs'\\nmodprobe: can't change directory to '/lib/modules': No such file or directory\\n\": exit status 1: skip plugin" type=io.containerd.snapshotter.v1
INFO[2026-03-15T12:00:08.471090584Z] loading plugin "io.containerd.snapshotter.v1.native"...  type=io.containerd.snapshotter.v1
INFO[2026-03-15T12:00:08.471160908Z] loading plugin "io.containerd.snapshotter.v1.overlayfs"...  type=io.containerd.snapshotter.v1
INFO[2026-03-15T12:00:08.471278223Z] loading plugin "io.containerd.snapshotter.v1.zfs"...  type=io.containerd.snapshotter.v1
INFO[2026-03-15T12:00:08.471369657Z] skip loading plugin "io.containerd.snapshotter.v1.zfs"...  error="path /var/lib/docker/containerd/daemon/io.containerd.snapshotter.v1.zfs must be a zfs filesystem to be used with the zfs snapshotter: skip plugin" type=io.containerd.snapshotter.v1
INFO[2026-03-15T12:00:08.471380448Z] loading plugin "io.containerd.metadata.v1.bolt"...  type=io.containerd.metadata.v1
WARN[2026-03-15T12:00:08.471416767Z] could not use snapshotter devmapper in metadata plugin  error="devmapper not configured"
INFO[2026-03-15T12:00:08.471424943Z] metadata content store policy set             policy=shared
INFO[2026-03-15T12:00:08.472444973Z] loading plugin "io.containerd.differ.v1.walking"...  type=io.containerd.differ.v1
INFO[2026-03-15T12:00:08.472530136Z] loading plugin "io.containerd.gc.v1.scheduler"...  type=io.containerd.gc.v1
INFO[2026-03-15T12:00:08.472554623Z] loading plugin "io.containerd.service.v1.containers-service"...  type=io.containerd.service.v1
INFO[2026-03-15T12:00:08.472581033Z] loading plugin "io.containerd.service.v1.content-service"...  type=io.containerd.service.v1
INFO[2026-03-15T12:00:08.472630498Z] loading plugin "io.containerd.service.v1.diff-service"...  type=io.containerd.service.v1
INFO[2026-03-15T12:00:08.472692747Z] loading plugin "io.containerd.service.v1.images-service"...  type=io.containerd.service.v1
INFO[2026-03-15T12:00:08.472702125Z] loading plugin "io.containerd.service.v1.leases-service"...  type=io.containerd.service.v1
INFO[2026-03-15T12:00:08.472718346Z] loading plugin "io.containerd.service.v1.namespaces-service"...  type=io.containerd.service.v1
INFO[2026-03-15T12:00:08.472726712Z] loading plugin "io.containerd.service.v1.snapshots-service"...  type=io.containerd.service.v1
INFO[2026-03-15T12:00:08.472769373Z] loading plugin "io.containerd.runtime.v1.linux"...  type=io.containerd.runtime.v1
INFO[2026-03-15T12:00:08.472957563Z] loading plugin "io.containerd.runtime.v2.task"...  type=io.containerd.runtime.v2
INFO[2026-03-15T12:00:08.473132026Z] loading plugin "io.containerd.monitor.v1.cgroups"...  type=io.containerd.monitor.v1
INFO[2026-03-15T12:00:08.474055471Z] loading plugin "io.containerd.service.v1.tasks-service"...  type=io.containerd.service.v1
INFO[2026-03-15T12:00:08.474129683Z] loading plugin "io.containerd.internal.v1.restart"...  type=io.containerd.internal.v1
INFO[2026-03-15T12:00:08.474239172Z] loading plugin "io.containerd.grpc.v1.containers"...  type=io.containerd.grpc.v1
INFO[2026-03-15T12:00:08.474249883Z] loading plugin "io.containerd.grpc.v1.content"...  type=io.containerd.grpc.v1
INFO[2026-03-15T12:00:08.474257317Z] loading plugin "io.containerd.grpc.v1.diff"...  type=io.containerd.grpc.v1
INFO[2026-03-15T12:00:08.474264531Z] loading plugin "io.containerd.grpc.v1.events"...  type=io.containerd.grpc.v1
INFO[2026-03-15T12:00:08.474271785Z] loading plugin "io.containerd.grpc.v1.healthcheck"...  type=io.containerd.grpc.v1
INFO[2026-03-15T12:00:08.474299538Z] loading plugin "io.containerd.grpc.v1.images"...  type=io.containerd.grpc.v1
INFO[2026-03-15T12:00:08.474316019Z] loading plugin "io.containerd.grpc.v1.leases"...  type=io.containerd.grpc.v1
INFO[2026-03-15T12:00:08.474369421Z] loading plugin "io.containerd.grpc.v1.namespaces"...  type=io.containerd.grpc.v1
INFO[2026-03-15T12:00:08.474381885Z] loading plugin "io.containerd.internal.v1.opt"...  type=io.containerd.internal.v1
INFO[2026-03-15T12:00:08.474619079Z] loading plugin "io.containerd.grpc.v1.snapshots"...  type=io.containerd.grpc.v1
INFO[2026-03-15T12:00:08.474639538Z] loading plugin "io.containerd.grpc.v1.tasks"...  type=io.containerd.grpc.v1
INFO[2026-03-15T12:00:08.474654346Z] loading plugin "io.containerd.grpc.v1.version"...  type=io.containerd.grpc.v1
INFO[2026-03-15T12:00:08.474669295Z] loading plugin "io.containerd.grpc.v1.introspection"...  type=io.containerd.grpc.v1
INFO[2026-03-15T12:00:08.474847275Z] serving...                                    address=/var/run/docker/containerd/containerd-debug.sock
INFO[2026-03-15T12:00:08.474905296Z] serving...                                    address=/var/run/docker/containerd/containerd.sock.ttrpc
INFO[2026-03-15T12:00:08.474954129Z] serving...                                    address=/var/run/docker/containerd/containerd.sock
INFO[2026-03-15T12:00:08.474962194Z] containerd successfully booted in 0.016900s  
INFO[2026-03-15T12:00:08.481326669Z] parsed scheme: "unix"                         module=grpc
INFO[2026-03-15T12:00:08.481356937Z] scheme "unix" not registered, fallback to default scheme  module=grpc
INFO[2026-03-15T12:00:08.481370553Z] ccResolverWrapper: sending update to cc: {[{unix:///var/run/docker/containerd/containerd.sock 0  <nil>}] <nil>}  module=grpc
INFO[2026-03-15T12:00:08.481378478Z] ClientConn switching balancer to "pick_first"  module=grpc
INFO[2026-03-15T12:00:08.482174159Z] parsed scheme: "unix"                         module=grpc
INFO[2026-03-15T12:00:08.482192324Z] scheme "unix" not registered, fallback to default scheme  module=grpc
INFO[2026-03-15T12:00:08.482207232Z] ccResolverWrapper: sending update to cc: {[{unix:///var/run/docker/containerd/containerd.sock 0  <nil>}] <nil>}  module=grpc
INFO[2026-03-15T12:00:08.482221149Z] ClientConn switching balancer to "pick_first"  module=grpc
WARN[2026-03-15T12:00:08.490693203Z] Your kernel does not support swap memory limit 
WARN[2026-03-15T12:00:08.490708743Z] Your kernel does not support memory reservation 
WARN[2026-03-15T12:00:08.490714895Z] Your kernel does not support oom control     
WARN[2026-03-15T12:00:08.490720245Z] Your kernel does not support memory swappiness 
WARN[2026-03-15T12:00:08.490724984Z] Your kernel does not support kernel memory limit 
WARN[2026-03-15T12:00:08.490731456Z] Your kernel does not support kernel memory TCP limit 
WARN[2026-03-15T12:00:08.490736416Z] Your kernel does not support cgroup cpu shares 
WARN[2026-03-15T12:00:08.490741145Z] Your kernel does not support cgroup cfs period 
WARN[2026-03-15T12:00:08.490745894Z] Your kernel does not support cgroup cfs quotas 
WARN[2026-03-15T12:00:08.490753719Z] Your kernel does not support cgroup rt period 
WARN[2026-03-15T12:00:08.490758739Z] Your kernel does not support cgroup rt runtime 
WARN[2026-03-15T12:00:08.490763768Z] Unable to find blkio cgroup in mounts        
INFO[2026-03-15T12:00:08.490871965Z] Loading containers: start.                   
INFO[2026-03-15T12:00:08.519186697Z] Default bridge (docker0) is assigned with an IP address 172.18.0.0/16. Daemon option --bip can be used to set a preferred IP address 
INFO[2026-03-15T12:00:08.537122931Z] Loading containers: done.                    
INFO[2026-03-15T12:00:08.542731202Z] Docker daemon                                 commit=5eb3275 graphdriver(s)=overlay2 version=19.03.14
INFO[2026-03-15T12:00:08.542834539Z] Daemon has completed initialization          
INFO[2026-03-15T12:00:08.554532549Z] API listen on [::]:2376                      
INFO[2026-03-15T12:00:08.554581473Z] API listen on /var/run/docker.sock           
^CINFO[2026-03-15T12:10:37.336991100Z] Processing signal 'interrupt'                
INFO[2026-03-15T12:10:37.337770357Z] stopping event stream following graceful shutdown  error="<nil>" module=libcontainerd namespace=moby
INFO[2026-03-15T12:10:37.337998989Z] Daemon shutdown complete                     
INFO[2026-03-15T12:10:37.338005421Z] stopping healthcheck following graceful shutdown  module=libcontainerd
INFO[2026-03-15T12:10:37.338031078Z] stopping event stream following graceful shutdown  error="context canceled" module=libcontainerd namespace=plugins.moby
laborant@docker-01:environment$ 
laborant@docker-01:environment$ docker build -t project . ; docker run --rm -it project
[+] Building 1.9s (7/10)                                                                                                           docker:default
 => [internal] load build definition from Dockerfile                                                                                         0.0s
 => => transferring dockerfile: 895B                                                                                                         0.0s
 => [internal] load metadata for docker.io/library/docker:stable-dind                                                                        0.2s
 => [internal] load .dockerignore                                                                                                            0.0s
 => => transferring context: 2B                                                                                                              0.0s
 => [1/6] FROM docker.io/library/docker:stable-dind@sha256:4972457c6a8a4309f9796fc3c8fd288923045ba0e214c102d92b70be99e249d1                  0.0s
 => => resolve docker.io/library/docker:stable-dind@sha256:4972457c6a8a4309f9796fc3c8fd288923045ba0e214c102d92b70be99e249d1                  0.0s
 => [internal] load build context                                                                                                            0.0s
 => => transferring context: 3.35kB                                                                                                          0.0s
 => [2/6] RUN apk update && apk add --no-cache     bash     ca-certificates     curl     git     jq     python3     py3-yaml     tar     gz  1.1s
 => ERROR [3/6] RUN curl -fsSL https://raw.githubusercontent.com/helm/helm/main/scripts/get-helm-3 | bash     && curl -fsSL https://dl.k8s.  0.5s
------                                                                                                                                            
 > [3/6] RUN curl -fsSL https://raw.githubusercontent.com/helm/helm/main/scripts/get-helm-3 | bash     && curl -fsSL https://dl.k8s.io/release/v1.35.2/bin/linux/amd64/kubectl -o /usr/local/bin/kubectl     && chmod +x /usr/local/bin/kubectl     && curl -fsSL https://kind.sigs.k8s.io/dl/v0.31.0/kind-linux-amd64 -o /usr/local/bin/kind     && chmod +x /usr/local/bin/kind:                                                                    
0.483 Downloading https://get.helm.sh/helm-v3.20.1-linux-amd64.tar.gz                                                                             
0.517 curl: (7) Couldn't connect to server
0.518 Failed to install helm
0.518   For support, go to https://github.com/helm/helm.
------
Dockerfile:14
--------------------
  13 |     
  14 | >>> RUN curl -fsSL https://raw.githubusercontent.com/helm/helm/main/scripts/get-helm-3 | bash \
  15 | >>>     && curl -fsSL https://dl.k8s.io/release/v1.35.2/bin/linux/amd64/kubectl -o /usr/local/bin/kubectl \
  16 | >>>     && chmod +x /usr/local/bin/kubectl \
  17 | >>>     && curl -fsSL https://kind.sigs.k8s.io/dl/v0.31.0/kind-linux-amd64 -o /usr/local/bin/kind \
  18 | >>>     && chmod +x /usr/local/bin/kind
  19 |     
--------------------
ERROR: failed to build: failed to solve: process "/bin/sh -c curl -fsSL https://raw.githubusercontent.com/helm/helm/main/scripts/get-helm-3 | bash     && curl -fsSL https://dl.k8s.io/release/v1.35.2/bin/linux/amd64/kubectl -o /usr/local/bin/kubectl     && chmod +x /usr/local/bin/kubectl     && curl -fsSL https://kind.sigs.k8s.io/dl/v0.31.0/kind-linux-amd64 -o /usr/local/bin/kind     && chmod +x /usr/local/bin/kind" did not complete successfully: exit code: 7
root@345cc05557ac:/app/helm-charts-editor# curl
curl: try 'curl --help' or 'curl --manual' for more information
root@345cc05557ac:/app/helm-charts-editor# helm
The Kubernetes package manager

Common actions for Helm:

- helm search:    search for charts
- helm pull:      download a chart to your local directory to view
- helm install:   upload the chart to Kubernetes
- helm list:      list releases of charts

Environment variables:

| Name                               | Description                                                                                                |
|------------------------------------|------------------------------------------------------------------------------------------------------------|
| $HELM_CACHE_HOME                   | set an alternative location for storing cached files.                                                      |
| $HELM_CONFIG_HOME                  | set an alternative location for storing Helm configuration.                                                |
| $HELM_DATA_HOME                    | set an alternative location for storing Helm data.                                                         |
| $HELM_DEBUG                        | indicate whether or not Helm is running in Debug mode                                                      |
| $HELM_DRIVER                       | set the backend storage driver. Values are: configmap, secret, memory, sql.                                |
| $HELM_DRIVER_SQL_CONNECTION_STRING | set the connection string the SQL storage driver should use.                                               |
| $HELM_MAX_HISTORY                  | set the maximum number of helm release history.                                                            |
| $HELM_NAMESPACE                    | set the namespace used for the helm operations.                                                            |
| $HELM_NO_PLUGINS                   | disable plugins. Set HELM_NO_PLUGINS=1 to disable plugins.                                                 |
| $HELM_PLUGINS                      | set the path to the plugins directory                                                                      |
| $HELM_REGISTRY_CONFIG              | set the path to the registry config file.                                                                  |
| $HELM_REPOSITORY_CACHE             | set the path to the repository cache directory                                                             |
| $HELM_REPOSITORY_CONFIG            | set the path to the repositories file.                                                                     |
| $KUBECONFIG                        | set an alternative Kubernetes configuration file (default "~/.kube/config")                                |
| $HELM_KUBEAPISERVER                | set the Kubernetes API Server Endpoint for authentication                                                  |
| $HELM_KUBECAFILE                   | set the Kubernetes certificate authority file.                                                             |
| $HELM_KUBEASGROUPS                 | set the Groups to use for impersonation using a comma-separated list.                                      |
| $HELM_KUBEASUSER                   | set the Username to impersonate for the operation.                                                         |
| $HELM_KUBECONTEXT                  | set the name of the kubeconfig context.                                                                    |
| $HELM_KUBETOKEN                    | set the Bearer KubeToken used for authentication.                                                          |
| $HELM_KUBEINSECURE_SKIP_TLS_VERIFY | indicate if the Kubernetes API server's certificate validation should be skipped (insecure)                |
| $HELM_KUBETLS_SERVER_NAME          | set the server name used to validate the Kubernetes API server certificate                                 |
| $HELM_BURST_LIMIT                  | set the default burst limit in the case the server contains many CRDs (default 100, -1 to disable)         |
| $HELM_QPS                          | set the Queries Per Second in cases where a high number of calls exceed the option for higher burst values |

Helm stores cache, configuration, and data based on the following configuration order:

- If a HELM_*_HOME environment variable is set, it will be used
- Otherwise, on systems supporting the XDG base directory specification, the XDG variables will be used
- When no other location is set a default location will be used based on the operating system

By default, the default directories depend on the Operating System. The defaults are listed below:

| Operating System | Cache Path                | Configuration Path             | Data Path               |
|------------------|---------------------------|--------------------------------|-------------------------|
| Linux            | $HOME/.cache/helm         | $HOME/.config/helm             | $HOME/.local/share/helm |
| macOS            | $HOME/Library/Caches/helm | $HOME/Library/Preferences/helm | $HOME/Library/helm      |
| Windows          | %TEMP%\helm               | %APPDATA%\helm                 | %APPDATA%\helm          |

Usage:
  helm [command]

Available Commands:
  completion  generate autocompletion scripts for the specified shell
  create      create a new chart with the given name
  dependency  manage a chart's dependencies
  env         helm client environment information
  get         download extended information of a named release
  help        Help about any command
  history     fetch release history
  install     install a chart
  lint        examine a chart for possible issues
  list        list releases
  package     package a chart directory into a chart archive
  plugin      install, list, or uninstall Helm plugins
  pull        download a chart from a repository and (optionally) unpack it in local directory
  push        push a chart to remote
  registry    login to or logout from a registry
  repo        add, list, remove, update, and index chart repositories
  rollback    roll back a release to a previous revision
  search      search for a keyword in charts
  show        show information of a chart
  status      display the status of the named release
  template    locally render templates
  test        run tests for a release
  uninstall   uninstall a release
  upgrade     upgrade a release
  verify      verify that a chart at the given path has been signed and is valid
  version     print the client version information

Flags:
      --burst-limit int                 client-side default throttling limit (default 100)
      --debug                           enable verbose output
  -h, --help                            help for helm
      --kube-apiserver string           the address and the port for the Kubernetes API server
      --kube-as-group stringArray       group to impersonate for the operation, this flag can be repeated to specify multiple groups.
      --kube-as-user string             username to impersonate for the operation
      --kube-ca-file string             the certificate authority file for the Kubernetes API server connection
      --kube-context string             name of the kubeconfig context to use
      --kube-insecure-skip-tls-verify   if true, the Kubernetes API server's certificate will not be checked for validity. This will make your HTTPS connections insecure
      --kube-tls-server-name string     server name to use for Kubernetes API server certificate validation. If it is not provided, the hostname used to contact the server is used
      --kube-token string               bearer token used for authentication
      --kubeconfig string               path to the kubeconfig file
  -n, --namespace string                namespace scope for this request
      --qps float32                     queries per second used when communicating with the Kubernetes API, not including bursting
      --registry-config string          path to the registry config file (default "/root/.config/helm/registry/config.json")
      --repository-cache string         path to the directory containing cached repository indexes (default "/root/.cache/helm/repository")
      --repository-config string        path to the file containing repository names and URLs (default "/root/.config/helm/repositories.yaml")

Use "helm [command] --help" for more information about a command.
root@345cc05557ac:/app/helm-charts-editor# 
exit
laborant@docker-01:environment$ 

laborant@docker-01:~$ docker ps
CONTAINER ID   IMAGE                COMMAND                  CREATED         STATUS         PORTS           NAMES
9a229d5f9c7f   docker:stable-dind   "dockerd-entrypoint.…"   7 seconds ago   Up 6 seconds   2375-2376/tcp   nifty_rosalind
laborant@docker-01:~$ docker exec 9a229d5f9c7f bash
OCI runtime exec failed: exec failed: unable to start container process: exec: "bash": executable file not found in $PATH
laborant@docker-01:~$ docker exec -it 9a229d5f9c7f docker

Usage:  docker [OPTIONS] COMMAND

A self-sufficient runtime for containers

Options:
      --config string      Location of client config files (default "/root/.docker")
  -c, --context string     Name of the context to use to connect to the daemon (overrides DOCKER_HOST env var and default context set with
                           "docker context use")
  -D, --debug              Enable debug mode
  -H, --host list          Daemon socket(s) to connect to
  -l, --log-level string   Set the logging level ("debug"|"info"|"warn"|"error"|"fatal") (default "info")
      --tls                Use TLS; implied by --tlsverify
      --tlscacert string   Trust certs signed only by this CA (default "/root/.docker/ca.pem")
      --tlscert string     Path to TLS certificate file (default "/root/.docker/cert.pem")
      --tlskey string      Path to TLS key file (default "/root/.docker/key.pem")
      --tlsverify          Use TLS and verify the remote
  -v, --version            Print version information and quit

Management Commands:
  builder     Manage builds
  config      Manage Docker configs
  container   Manage containers
  context     Manage contexts
  engine      Manage the docker engine
  image       Manage images
  network     Manage networks
  node        Manage Swarm nodes
  plugin      Manage plugins
  secret      Manage Docker secrets
  service     Manage services
  stack       Manage Docker stacks
  swarm       Manage Swarm
  system      Manage Docker
  trust       Manage trust on Docker images
  volume      Manage volumes

Commands:
  attach      Attach local standard input, output, and error streams to a running container
  build       Build an image from a Dockerfile
  commit      Create a new image from a container's changes
  cp          Copy files/folders between a container and the local filesystem
  create      Create a new container
  diff        Inspect changes to files or directories on a container's filesystem
  events      Get real time events from the server
  exec        Run a command in a running container
  export      Export a container's filesystem as a tar archive
  history     Show the history of an image
  images      List images
  import      Import the contents from a tarball to create a filesystem image
  info        Display system-wide information
  inspect     Return low-level information on Docker objects
  kill        Kill one or more running containers
  load        Load an image from a tar archive or STDIN
  login       Log in to a Docker registry
  logout      Log out from a Docker registry
  logs        Fetch the logs of a container
  pause       Pause all processes within one or more containers
  port        List port mappings or a specific mapping for the container
  ps          List containers
  pull        Pull an image or a repository from a registry
  push        Push an image or a repository to a registry
  rename      Rename a container
  restart     Restart one or more containers
  rm          Remove one or more containers
  rmi         Remove one or more images
  run         Run a command in a new container
  save        Save one or more images to a tar archive (streamed to STDOUT by default)
  search      Search the Docker Hub for images
  start       Start one or more stopped containers
  stats       Display a live stream of container(s) resource usage statistics
  stop        Stop one or more running containers
  tag         Create a tag TARGET_IMAGE that refers to SOURCE_IMAGE
  top         Display the running processes of a container
  unpause     Unpause all processes within one or more containers
  update      Update configuration of one or more containers
  version     Show the Docker version information
  wait        Block until one or more containers stop, then print their exit codes

Run 'docker COMMAND --help' for more information on a command.
laborant@docker-01:~$ docker exec -it 9a229d5f9c7f docker ls
docker: 'ls' is not a docker command.
See 'docker --help'
laborant@docker-01:~$ docker exec -it 9a229d5f9c7f docker images
REPOSITORY          TAG                 IMAGE ID            CREATED             SIZE
laborant@docker-01:~$ docker exec -it 9a229d5f9c7f docker images^C
laborant@docker-01:~$ docker ps
CONTAINER ID   IMAGE                COMMAND                  CREATED          STATUS          PORTS           NAMES
ce4d2a1db907   docker:stable-dind   "dockerd-entrypoint.…"   13 seconds ago   Up 13 seconds   2375-2376/tcp   friendly_lalande
laborant@docker-01:~$ docker exec -it ce docker images
REPOSITORY          TAG                 IMAGE ID            CREATED             SIZE
laborant@docker-01:~$ docker exec -it ce bash
OCI runtime exec failed: exec failed: unable to start container process: exec: "bash": executable file not found in $PATH
laborant@docker-01:~$ docker exec -it ce s
OCI runtime exec failed: exec failed: unable to start container process: exec: "s": executable file not found in $PATH
laborant@docker-01:~$ docker exec -it ce sh
/ # bash
sh: bash: not found
/ # apt
sh: apt: not found
/ # apk
apk-tools 2.10.5, compiled for x86_64.

Installing and removing packages:
  add       Add PACKAGEs to 'world' and install (or upgrade) them, while ensuring that all dependencies are met
  del       Remove PACKAGEs from 'world' and uninstall them

System maintenance:
  fix       Repair package or upgrade it without modifying main dependencies
  update    Update repository indexes from all remote repositories
  upgrade   Upgrade currently installed packages to match repositories
  cache     Download missing PACKAGEs to cache and/or delete unneeded files from cache

Querying information about packages:
  info      Give detailed information about PACKAGEs or repositories
  list      List packages by PATTERN and other criteria
  search    Search package by PATTERNs or by indexed dependencies
  dot       Generate graphviz graphs
  policy    Show repository policy for packages

Repository maintenance:
  index     Create repository index file from FILEs
  fetch     Download PACKAGEs from global repositories to a local directory
  verify    Verify package integrity and signature
  manifest  Show checksums of package contents

Use apk <command> --help for command-specific help.
Use apk --help --verbose for a full command listing.

This apk has coffee making abilities.
/ # kubectl
sh: kubectl: not found
/ # laborant@docker-01:~$ 
laborant@docker-01:~$ 
laborant@docker-01:~$ docker exec -it ce sh
/ # apk update
fetch http://dl-cdn.alpinelinux.org/alpine/v3.12/main/x86_64/APKINDEX.tar.gz
fetch http://dl-cdn.alpinelinux.org/alpine/v3.12/community/x86_64/APKINDEX.tar.gz
v3.12.12-53-gc96f3238172 [http://dl-cdn.alpinelinux.org/alpine/v3.12/main]
v3.12.12-52-g800c17231ad [http://dl-cdn.alpinelinux.org/alpine/v3.12/community]
OK: 12785 distinct packages available
/ # whoami
root
/ # apk add bash
(1/2) Installing readline (8.0.4-r0)
(2/2) Installing bash (5.0.17-r0)
Executing bash-5.0.17-r0.post-install
Executing busybox-1.31.1-r19.trigger
OK: 28 MiB in 49 packages
/ # apk add curl
(1/3) Installing nghttp2-libs (1.41.0-r0)
(2/3) Installing libcurl (7.79.1-r1)
(3/3) Installing curl (7.79.1-r1)
Executing busybox-1.31.1-r19.trigger
OK: 29 MiB in 52 packages
/ # apk add ca-certifica
ERROR: unsatisfiable constraints:
  ca-certifica (missing):
    required by: world[ca-certifica]
/ # apk add ca-certificates
OK: 29 MiB in 52 packages
/ # apk add git
(1/3) Installing expat (2.2.10-r4)
(2/3) Installing pcre2 (10.35-r0)
(3/3) Installing git (2.26.3-r1)
Executing busybox-1.31.1-r19.trigger
OK: 44 MiB in 55 packages
/ # apk add git
OK: 44 MiB in 55 packages
/ # apk add jq
(1/2) Installing oniguruma (6.9.5-r2)
(2/2) Installing jq (1.6-r1)
Executing busybox-1.31.1-r19.trigger
OK: 45 MiB in 57 packages
/ # env
HOSTNAME=ce4d2a1db907
SHLVL=1
HOME=/root
DIND_COMMIT=ed89041433a031cafc0a0f19cfe573c31688d377
TERM=xterm
PATH=/usr/local/sbin:/usr/local/bin:/usr/sbin:/usr/bin:/sbin:/bin
DOCKER_VERSION=19.03.14
DOCKER_TLS_CERTDIR=/certs
PWD=/
/ # apk add --help
apk-tools 2.10.5, compiled for x86_64.

usage: apk add [-h|--help] [-p|--root DIR] [-X|--repository REPO] [-q|--quiet] [-v|--verbose] [-i|--interactive] [-V|--version] [-f|--force]
           [--force-binary-stdout] [--force-broken-world] [--force-non-repository] [--force-old-apk] [--force-overwrite] [--force-refresh]
           [-U|--update-cache] [--progress] [--progress-fd FD] [--no-progress] [--purge] [--allow-untrusted] [--wait TIME] [--keys-dir KEYSDIR]
           [--repositories-file REPOFILE] [--no-network] [--no-cache] [--cache-dir CACHEDIR] [--cache-max-age AGE] [--arch ARCH] [--print-arch]
           [-s|--simulate] [--clean-protected] [--overlay-from-stdin] [--no-scripts] [--no-commit-hooks] [--initramfs-diskless-boot] [--initdb]
           [-u|--upgrade] [-l|--latest] [-t|--virtual NAME] PACKAGE...

Description:
  Add PACKAGEs to 'world' and install (or upgrade) them, while ensuring that all dependencies are met

Global options:
  -h, --help              Show generic help or applet specific help
  -p, --root DIR          Install packages to DIR
  -X, --repository REPO   Use packages from REPO
  -q, --quiet             Print less information
  -v, --verbose           Print more information (can be doubled)
  -i, --interactive       Ask confirmation for certain operations
  -V, --version           Print program version and exit
  -f, --force             Enable selected --force-* (deprecated)
  --force-binary-stdout   Continue even if binary data is to be output
  --force-broken-world    Continue even if 'world' cannot be satisfied
  --force-non-repository  Continue even if packages may be lost on reboot
  --force-old-apk         Continue even if packages use unsupported features
  --force-overwrite       Overwrite files in other packages
  --force-refresh         Do not use cached files (local or from proxy)
  -U, --update-cache      Alias for --cache-max-age 1
  --progress              Show a progress bar
  --progress-fd FD        Write progress to fd
  --no-progress           Disable progress bar even for TTYs
  --purge                 Delete also modified configuration files (pkg removal) and uninstalled packages from cache (cache clean)
  --allow-untrusted       Install packages with untrusted signature or no signature
  --wait TIME             Wait for TIME seconds to get an exclusive repository lock before failing
  --keys-dir KEYSDIR      Override directory of trusted keys
  --repositories-file REPOFILE Override repositories file
  --no-network            Do not use network (cache is still used)
  --no-cache              Do not use any local cache path
  --cache-dir CACHEDIR    Override cache directory
  --cache-max-age AGE     Maximum AGE (in minutes) for index in cache before refresh
  --arch ARCH             Use architecture with --root
  --print-arch            Print default arch and exit

Commit options:
  -s, --simulate          Show what would be done without actually doing it
  --clean-protected       Do not create .apk-new files in configuration dirs
  --overlay-from-stdin    Read list of overlay files from stdin
  --no-scripts            Do not execute any scripts
  --no-commit-hooks       Skip pre/post hook scripts (but not other scripts)
  --initramfs-diskless-boot Enables options for diskless initramfs boot (e.g. skip hooks)

Add options:
  --initdb                Initialize database
  -u, --upgrade           Prefer to upgrade package
  -l, --latest            Select latest version of package (if it is not pinned), and print error if it cannot be installed due to other
                          dependencies
  -t, --virtual NAME      Instead of adding all the packages to 'world', create a new virtual package with the listed dependencies and add that
                          to 'world'; the actions of the command are easily reverted by deleting the virtual package

This apk has coffee making abilities.
/ # apk add --interactive
After this operation, 0 KiB of additional disk space will be used.
OK: 45 MiB in 57 packages
/ # apk add --interactive
After this operation, 0 KiB of additional disk space will be used.
OK: 45 MiB in 57 packages
/ # apk add 
OK: 45 MiB in 57 packages
/ # apk add --interactive python
ERROR: unsatisfiable constraints:
  python (missing):
    required by: world[python]
/ # apk add --interactive python3
The following NEW packages will be installed:
  libbz2 libffi gdbm sqlite-libs python3
After this operation, 46 MiB of additional disk space will be used.
Do you want to continue [Y/n]? ^C/ # 
/ # 
/ # apk add python3
(1/5) Installing libbz2 (1.0.8-r1)
(2/5) Installing libffi (3.3-r2)
(3/5) Installing gdbm (1.13-r1)
(4/5) Installing sqlite-libs (3.32.1-r1)
(5/5) Installing python3 (3.8.10-r0)
Executing busybox-1.31.1-r19.trigger
OK: 91 MiB in 62 packages
/ # apk add python3-yaml
ERROR: unsatisfiable constraints:
  python3-yaml (missing):
    required by: world[python3-yaml]
/ # laborant@docker-01:~$ 
laborant@docker-01:~$ 
laborant@docker-01:~$ 
laborant@docker-01:~$ docker images
                                                                                                                              i Info →   U  In Use
IMAGE                ID             DISK USAGE   CONTENT SIZE   EXTRA
docker:stable-dind   4972457c6a8a        311MB         73.7MB    U   
project:latest       8bad4907d054        610MB          156MB        
laborant@docker-01:~$ docker run --rm -it project bash
root@d1f7935a1bd0:/app/helm-charts-editor# python3
python3     python3.13  
root@d1f7935a1bd0:/app/helm-charts-editor# apt info
Error: No packages found
root@d1f7935a1bd0:/app/helm-charts-editor# apt info git
Package: git
Version: 1:2.47.3-0+deb13u1
Status: install ok installed
Priority: optional
Section: vcs
Maintainer: Jonathan Nieder <jrnieder@gmail.com>
Installed-Size: 50.3 MB
Provides: git-completion, git-core
Depends: libc6 (>= 2.38), libcurl3t64-gnutls (>= 7.56.1), libexpat1 (>= 2.0.1), libpcre2-8-0 (>= 10.34), zlib1g (>= 1:1.2.2), perl, liberror
-perl, git-man (>> 1:2.47.3), git-man (<< 1:2.47.3-.)
Recommends: ca-certificates, patch, less, ssh-client
Suggests: gettext-base, git-doc, git-email, git-gui, gitk, gitweb, git-cvs, git-mediawiki, git-svn
Breaks: bash-completion (<< 1:1.90-1), cogito (<= 0.18.2+), dgit (<< 5.1~), git-buildpackage (<< 0.6.5), git-el (<< 1:2.32.0~rc2-1~), gitosi
s (<< 0.2+20090917-7), gitpkg (<< 0.15), guilt (<< 0.33), openssh-client (<< 1:6.8), stgit (<< 0.15), stgit-contrib (<< 0.15)
Homepage: https://git-scm.com/
Download-Size: unknown
APT-Manual-Installed: yes
APT-Sources: /var/lib/dpkg/status
Description: fast, scalable, distributed revision control system
 Git is popular version control system designed to handle very large
 projects with speed and efficiency; it is used for many high profile
 open source projects, most notably the Linux kernel.
 .
 Git falls in the category of distributed source code management tools.
 Every Git working directory is a full-fledged repository with full
 revision tracking capabilities, not dependent on network access or a
 central server.
 .
 This package provides the git main components with minimal dependencies.
 Additional functionality, e.g. a graphical user interface and revision
 tree visualizer, tools for interoperating with other VCS's, or a web
 interface, is provided as separate git* packages.
root@d1f7935a1bd0:/app/helm-charts-editor# apt info python3-yaml
Package: python3-yaml
Version: 6.0.2-1+b2
Status: install ok installed
Priority: optional
Section: python
Source: pyyaml (6.0.2-1)
Maintainer: Debian Python Team <team+python@tracker.debian.org>
Installed-Size: 565 kB
Depends: python3 (<< 3.14), python3 (>= 3.13~), python3:any, libc6 (>= 2.14), libyaml-0-2
Homepage: https://github.com/yaml/pyyaml
Download-Size: unknown
APT-Manual-Installed: yes
APT-Sources: /var/lib/dpkg/status
Description: YAML parser and emitter for Python3
 Python3-yaml is a complete YAML 1.1 parser and emitter for Python3.  It can
 parse all examples from the specification. The parsing algorithm is simple
 enough to be a reference for YAML parser implementors. A simple extension API
 is also provided.  The package is built using libyaml for improved speed.

root@d1f7935a1bd0:/app/helm-charts-editor# 
exit
laborant@docker-01:~$ docker exec -it ce sh
/ # apk
apk-tools 2.10.5, compiled for x86_64.

Installing and removing packages:
  add       Add PACKAGEs to 'world' and install (or upgrade) them, while ensuring that all dependencies are met
  del       Remove PACKAGEs from 'world' and uninstall them

System maintenance:
  fix       Repair package or upgrade it without modifying main dependencies
  update    Update repository indexes from all remote repositories
  upgrade   Upgrade currently installed packages to match repositories
  cache     Download missing PACKAGEs to cache and/or delete unneeded files from cache

Querying information about packages:
  info      Give detailed information about PACKAGEs or repositories
  list      List packages by PATTERN and other criteria
  search    Search package by PATTERNs or by indexed dependencies
  dot       Generate graphviz graphs
  policy    Show repository policy for packages

Repository maintenance:
  index     Create repository index file from FILEs
  fetch     Download PACKAGEs from global repositories to a local directory
  verify    Verify package integrity and signature
  manifest  Show checksums of package contents

Use apk <command> --help for command-specific help.
Use apk --help --verbose for a full command listing.

This apk has coffee making abilities.
/ # tar
BusyBox v1.31.1 () multi-call binary.

Usage: tar c|x|t [-ZzJjahmvokO] [-f TARFILE] [-C DIR] [-T FILE] [-X FILE] [--exclude PATTERN]... [FILE]...

Create, extract, or list files from a tar file

        c       Create
        x       Extract
        t       List
        -f FILE Name of TARFILE ('-' for stdin/out)
        -C DIR  Change to DIR before operation
        -v      Verbose
        -O      Extract to stdout
        -m      Don't restore mtime
        -o      Don't restore user:group
        -k      Don't replace existing files
        -Z      (De)compress using compress
        -z      (De)compress using gzip
        -J      (De)compress using xz
        -j      (De)compress using bzip2
        -a      (De)compress using lzma
        -h      Follow symlinks
        -T FILE File with names to include
        -X FILE File with glob patterns to exclude
        --exclude PATTERN       Glob pattern to exclude
/ # apk add tar
(1/2) Installing libacl (2.2.53-r0)
(2/2) Installing tar (1.32-r2)
Executing busybox-1.31.1-r19.trigger
OK: 91 MiB in 64 packages
/ # apk add tar
OK: 91 MiB in 64 packages
/ # apk add gzip
(1/2) Installing less (551-r0)
(2/2) Installing gzip (1.12-r0)
Executing busybox-1.31.1-r19.trigger
OK: 92 MiB in 66 packages
/ # ls /var/lib/
apk       docker    iptables  misc      udhcpd
/ # ls /var/lib/apk/
/ # laborant@docker-01:~$ 
laborant@docker-01:~$ 
laborant@docker-01:~$ 

laborant@docker-01:environment$ docker build -t project . 
[+] Building 7.5s (11/11) FINISHED                                                                                                 docker:default
 => [internal] load build definition from Dockerfile                                                                                         0.0s
 => => transferring dockerfile: 895B                                                                                                         0.0s
 => [internal] load metadata for docker.io/library/docker:stable-dind                                                                        0.0s
 => [internal] load .dockerignore                                                                                                            0.0s
 => => transferring context: 2B                                                                                                              0.0s
 => [1/6] FROM docker.io/library/docker:stable-dind@sha256:4972457c6a8a4309f9796fc3c8fd288923045ba0e214c102d92b70be99e249d1                  0.0s
 => => resolve docker.io/library/docker:stable-dind@sha256:4972457c6a8a4309f9796fc3c8fd288923045ba0e214c102d92b70be99e249d1                  0.0s
 => [internal] load build context                                                                                                            0.0s
 => => transferring context: 3.35kB                                                                                                          0.0s
 => CACHED [2/6] RUN apk update && apk add --no-cache     bash     ca-certificates     curl     git     jq     python3     py3-yaml     tar  0.0s
 => [3/6] RUN curl -fsSL https://raw.githubusercontent.com/helm/helm/main/scripts/get-helm-3 | bash     && curl -fsSL https://dl.k8s.io/rel  3.7s
 => [4/6] WORKDIR /app/helm-charts-editor                                                                                                    0.0s 
 => [5/6] COPY helm-charts-editor/ /app/helm-charts-editor/                                                                                  0.0s 
 => [6/6] RUN git init >/dev/null 2>&1     && git config user.email task@example.com     && git config user.name "Task Seed"     && git add  0.2s 
 => exporting to image                                                                                                                       3.4s 
 => => exporting layers                                                                                                                      2.7s
 => => exporting manifest sha256:1fa4d6935d09c98c21f992d032806cddc62fa3e19c09131eef931c934c16d693                                            0.0s
 => => exporting config sha256:8801470773e3e762cd1be7614c1a8b07a3278a448597f410ede983da173310a3                                              0.0s
 => => exporting attestation manifest sha256:a4b9639e24c380e41db2748a83466765651d56977a44ff508444b7d24ecca112                                0.0s
 => => exporting manifest list sha256:48e4e3f98b9240e66dd7fbe8e8ad11b495b040ff295b656194dd785277b7967f                                       0.0s
 => => naming to docker.io/library/project:latest                                                                                            0.0s
 => => unpacking to docker.io/library/project:latest                                                                                         0.7s
laborant@docker-01:environment$ docker build -t project . ; docker run --rm -it project
[+] Building 0.1s (11/11) FINISHED                                                                                                 docker:default
 => [internal] load build definition from Dockerfile                                                                                         0.0s
 => => transferring dockerfile: 895B                                                                                                         0.0s
 => [internal] load metadata for docker.io/library/docker:stable-dind                                                                        0.0s
 => [internal] load .dockerignore                                                                                                            0.0s
 => => transferring context: 2B                                                                                                              0.0s
 => [1/6] FROM docker.io/library/docker:stable-dind@sha256:4972457c6a8a4309f9796fc3c8fd288923045ba0e214c102d92b70be99e249d1                  0.0s
 => => resolve docker.io/library/docker:stable-dind@sha256:4972457c6a8a4309f9796fc3c8fd288923045ba0e214c102d92b70be99e249d1                  0.0s
 => [internal] load build context                                                                                                            0.0s
 => => transferring context: 3.35kB                                                                                                          0.0s
 => CACHED [2/6] RUN apk update && apk add --no-cache     bash     ca-certificates     curl     git     jq     python3     py3-yaml     tar  0.0s
 => CACHED [3/6] RUN curl -fsSL https://raw.githubusercontent.com/helm/helm/main/scripts/get-helm-3 | bash     && curl -fsSL https://dl.k8s  0.0s
 => CACHED [4/6] WORKDIR /app/helm-charts-editor                                                                                             0.0s
 => CACHED [5/6] COPY helm-charts-editor/ /app/helm-charts-editor/                                                                           0.0s
 => CACHED [6/6] RUN git init >/dev/null 2>&1     && git config user.email task@example.com     && git config user.name "Task Seed"     &&   0.0s
 => exporting to image                                                                                                                       0.0s
 => => exporting layers                                                                                                                      0.0s
 => => exporting manifest sha256:1fa4d6935d09c98c21f992d032806cddc62fa3e19c09131eef931c934c16d693                                            0.0s
 => => exporting config sha256:8801470773e3e762cd1be7614c1a8b07a3278a448597f410ede983da173310a3                                              0.0s
 => => exporting attestation manifest sha256:f970720f5f71b2facc188b860feac647540727b84fcd51a19f2c69766e744e33                                0.0s
 => => exporting manifest list sha256:bf926a866432b25e8806b7202ea853f3d0211cc1d39876e1bf0d5ef043b26079                                       0.0s
 => => naming to docker.io/library/project:latest                                                                                            0.0s
 => => unpacking to docker.io/library/project:latest                                                                                         0.0s
bash-5.0# docker ps
error during connect: Get http://docker:2375/v1.40/containers/json: dial tcp: lookup docker on 8.8.8.8:53: no such host
bash-5.0# docker images
error during connect: Get http://docker:2375/v1.40/images/json: dial tcp: lookup docker on 8.8.8.8:53: no such host
bash-5.0# kind
kind creates and manages local Kubernetes clusters using Docker container 'nodes'

Usage:
  kind [command]

Available Commands:
  build       Build one of [node-image]
  completion  Output shell completion code for the specified shell (bash, zsh or fish)
  create      Creates one of [cluster]
  delete      Deletes one of [cluster]
  export      Exports one of [kubeconfig, logs]
  get         Gets one of [clusters, nodes, kubeconfig]
  help        Help about any command
  load        Loads images into nodes
  version     Prints the kind CLI version

Flags:
  -h, --help              help for kind
  -q, --quiet             silence all stderr output
  -v, --verbosity int32   info log verbosity, higher value produces more output
      --version           version for kind

Use "kind [command] --help" for more information about a command.
bash-5.0# exit
laborant@docker-01:environment$ 

laborant@docker-01:environment$ docker build -t project . ; docker run --rm -it project
[+] Building 0.3s (11/11) FINISHED                                                                                                 docker:default
 => [internal] load build definition from Dockerfile                                                                                         0.0s
 => => transferring dockerfile: 876B                                                                                                         0.0s
 => [internal] load metadata for docker.io/library/docker:stable-dind                                                                        0.2s
 => [internal] load .dockerignore                                                                                                            0.0s
 => => transferring context: 2B                                                                                                              0.0s
 => [1/6] FROM docker.io/library/docker:stable-dind@sha256:4972457c6a8a4309f9796fc3c8fd288923045ba0e214c102d92b70be99e249d1                  0.0s
 => => resolve docker.io/library/docker:stable-dind@sha256:4972457c6a8a4309f9796fc3c8fd288923045ba0e214c102d92b70be99e249d1                  0.0s
 => [internal] load build context                                                                                                            0.0s
 => => transferring context: 3.35kB                                                                                                          0.0s
 => CACHED [2/6] RUN apk update && apk add --no-cache     bash     ca-certificates     curl     git     jq     python3     py3-yaml     tar  0.0s
 => CACHED [3/6] RUN curl -fsSL https://raw.githubusercontent.com/helm/helm/main/scripts/get-helm-3 | bash     && curl -fsSL https://dl.k8s  0.0s
 => CACHED [4/6] WORKDIR /app/helm-charts-editor                                                                                             0.0s
 => CACHED [5/6] COPY helm-charts-editor/ /app/helm-charts-editor/                                                                           0.0s
 => CACHED [6/6] RUN git init >/dev/null 2>&1     && git config user.email task@example.com     && git config user.name "Task Seed"     &&   0.0s
 => exporting to image                                                                                                                       0.0s
 => => exporting layers                                                                                                                      0.0s
 => => exporting manifest sha256:498281eec49b8ec6ae27f5490fceb3dc2996003030055d9c5759b04fb20cfe15                                            0.0s
 => => exporting config sha256:3ee9a63445085774b32d9879d036a990a10d166efe08b9661bda585fbcfcc84b                                              0.0s
 => => exporting attestation manifest sha256:9adc44ba7747a3e2ba61c45700614a1d19a54560287d875b594d8d971e083110                                0.0s
 => => exporting manifest list sha256:443193c839927ff6366b5223646c37c61b9570daafe626595eb4fbf4428b5bfe                                       0.0s
 => => naming to docker.io/library/project:latest                                                                                            0.0s
 => => unpacking to docker.io/library/project:latest                                                                                         0.0s
Generating RSA private key, 4096 bit long modulus (2 primes)
.....................................................................................................................++++
..........................................................................................++++
e is 65537 (0x010001)
Generating RSA private key, 4096 bit long modulus (2 primes)
...........................++++
............++++
e is 65537 (0x010001)
Signature ok
subject=CN = docker:dind server
Getting CA Private Key
/certs/server/cert.pem: OK
Generating RSA private key, 4096 bit long modulus (2 primes)
.....................................................++++
................................................++++
e is 65537 (0x010001)
Signature ok
subject=CN = docker:dind client
Getting CA Private Key
/certs/client/cert.pem: OK
mount: permission denied (are you root?)
Could not mount /sys/kernel/security.
AppArmor detection and --privileged mode might break.
mount: permission denied (are you root?)
laborant@docker-01:environment$ docker run --rm -it docker:stable-dind
Generating RSA private key, 4096 bit long modulus (2 primes)
........................................................................................++++
......................................++++
e is 65537 (0x010001)
Generating RSA private key, 4096 bit long modulus (2 primes)
................................................................................................................................................................................................++++
........................................................................++++
e is 65537 (0x010001)
Signature ok
subject=CN = docker:dind server
Getting CA Private Key
/certs/server/cert.pem: OK
Generating RSA private key, 4096 bit long modulus (2 primes)
....................++++
...............................................................++++
e is 65537 (0x010001)
Signature ok
subject=CN = docker:dind client
Getting CA Private Key
/certs/client/cert.pem: OK
mount: permission denied (are you root?)
Could not mount /sys/kernel/security.
AppArmor detection and --privileged mode might break.
mount: permission denied (are you root?)
laborant@docker-01:environment$ docker run --rm -it docker:stable-dind-rootless
Unable to find image 'docker:stable-dind-rootless' locally
stable-dind-rootless: Pulling from library/docker
fb5a006bc1e4: Pull complete 
1110d8f13201: Pull complete 
4b03ba64d7c7: Pull complete 
d72211050ba3: Pull complete 
a296f7783428: Pull complete 
Digest: sha256:4040c071ccf3194453d8a5a753138c9b0e630ec261eaa5824828003e543250a0
Status: Downloaded newer image for docker:stable-dind-rootless
Generating RSA private key, 4096 bit long modulus (2 primes)
.................++++
...++++
e is 65537 (0x010001)
Generating RSA private key, 4096 bit long modulus (2 primes)
.........................................++++
..............................................................++++
e is 65537 (0x010001)
Signature ok
subject=CN = docker:dind server
Getting CA Private Key
/certs/server/cert.pem: OK
Generating RSA private key, 4096 bit long modulus (2 primes)
.....++++
................................................++++
e is 65537 (0x010001)
Signature ok
subject=CN = docker:dind client
Getting CA Private Key
/certs/client/cert.pem: OK
[rootlesskit:parent] error: failed to start the child: fork/exec /proc/self/exe: operation not permitted
laborant@docker-01:environment$ docker run --rm -it --privileged docker:stable-dind-rootless
Generating RSA private key, 4096 bit long modulus (2 primes)
....................................................................................................................................................................................................................................................................................................................................................................................................++++
................................................................................................................................................................++++
e is 65537 (0x010001)
Generating RSA private key, 4096 bit long modulus (2 primes)
...................................++++
........++++
e is 65537 (0x010001)
Signature ok
subject=CN = docker:dind server
Getting CA Private Key
/certs/server/cert.pem: OK
Generating RSA private key, 4096 bit long modulus (2 primes)
....................................++++
..........................................++++
e is 65537 (0x010001)
Signature ok
subject=CN = docker:dind client
Getting CA Private Key
/certs/client/cert.pem: OK
INFO[2026-03-15T12:16:48.179745803Z] Starting up                                  
rootless mode is supported only when running in experimental mode
[rootlesskit:child ] error: command [dockerd --host=unix:///run/user/1000/docker.sock --host=tcp://0.0.0.0:2376 --tlsverify --tlscacert /certs/server/ca.pem --tlscert /certs/server/cert.pem --tlskey /certs/server/key.pem] exited: exit status 1
[rootlesskit:parent] error: child exited: exit status 1
laborant@docker-01:environment$ 

laborant@docker-01:environment$ docker run -d --privileged --name dind-rootless-container \
  -e DOCKER_TLS_CERTDIR=/certs \
  -e DOCKER_HOST=unix:///run/user/1000/docker.sock \
  docker:stable-dind-rootless
9215b3f8d2eda4f2254f027c9c474e497cbfc7750394b8b1eded6935eab79e30
laborant@docker-01:environment$ docker ps -a
CONTAINER ID   IMAGE                         COMMAND                  CREATED         STATUS                     PORTS     NAMES
9215b3f8d2ed   docker:stable-dind-rootless   "dockerd-entrypoint.…"   5 seconds ago   Exited (1) 3 seconds ago             dind-rootless-container
laborant@docker-01:environment$ docker logs -f dind-rootless-container
Generating RSA private key, 4096 bit long modulus (2 primes)
......................................................................++++
...............................................................++++
e is 65537 (0x010001)
Generating RSA private key, 4096 bit long modulus (2 primes)
.........................................................................................++++
...........++++
e is 65537 (0x010001)
Signature ok
subject=CN = docker:dind server
Getting CA Private Key
/certs/server/cert.pem: OK
Generating RSA private key, 4096 bit long modulus (2 primes)
................................................................................................++++
......................................................................................................................................................................................................................................................................................................................................++++
e is 65537 (0x010001)
Signature ok
subject=CN = docker:dind client
Getting CA Private Key
/certs/client/cert.pem: OK
time="2026-03-15T12:18:04.916773260Z" level=info msg="Starting up"
rootless mode is supported only when running in experimental mode
[rootlesskit:child ] error: command [dockerd --host=unix:///run/user/1000/docker.sock --host=tcp://0.0.0.0:2376 --tlsverify --tlscacert /certs/server/ca.pem --tlscert /certs/server/cert.pem --tlskey /certs/server/key.pem] exited: exit status 1
[rootlesskit:parent] error: child exited: exit status 1
laborant@docker-01:environment$ docker ps -a
CONTAINER ID   IMAGE                         COMMAND                  CREATED          STATUS                      PORTS     NAMES
9215b3f8d2ed   docker:stable-dind-rootless   "dockerd-entrypoint.…"   52 seconds ago   Exited (1) 50 seconds ago             dind-rootless-container
laborant@docker-01:environment$ docker ps -a -q
9215b3f8d2ed
laborant@docker-01:environment$ docker ps -a -q | xargs docker rm -rf
unknown shorthand flag: 'r' in -rf

Usage:  docker rm [OPTIONS] CONTAINER [CONTAINER...]

Run 'docker rm --help' for more information
laborant@docker-01:environment$ docker ps -a -q | xargs docker rm -f
9215b3f8d2ed
laborant@docker-01:environment$ 

laborant@docker-01:environment$ docker run --rm --privileged --name dind-rootless-container   -e DOCKER_TLS_CERTDIR=/certs   -e DOCKER_HOST=unix:/
//run/user/1000/docker.sock   docker:stable-dind-rootless
Generating RSA private key, 4096 bit long modulus (2 primes)
...................................................................................................................................................................................................++++
............................................................................................................................................................................................................................................................................................................................................................................++++
e is 65537 (0x010001)
Generating RSA private key, 4096 bit long modulus (2 primes)
..............................................................++++
.....................................................................................................................++++
e is 65537 (0x010001)
Signature ok
subject=CN = docker:dind server
Getting CA Private Key
/certs/server/cert.pem: OK
Generating RSA private key, 4096 bit long modulus (2 primes)
...........................................................................++++
................................................................................................................................++++
e is 65537 (0x010001)
Signature ok
subject=CN = docker:dind client
Getting CA Private Key
/certs/client/cert.pem: OK
time="2026-03-15T12:20:33.272309917Z" level=info msg="Starting up"
rootless mode is supported only when running in experimental mode
[rootlesskit:child ] error: command [dockerd --host=unix:///run/user/1000/docker.sock --host=tcp://0.0.0.0:2376 --tlsverify --tlscacert /certs/server/ca.pem --tlscert /certs/server/cert.pem --tlskey /certs/server/key.pem] exited: exit status 1
[rootlesskit:parent] error: child exited: exit status 1
laborant@docker-01:environment$ 

laborant@docker-01:environment$ docker run --experimental --rm --privileged --name dind-rootless-container   -e DOCKER_TLS_CERTDIR=/certs   -e DOC
KER_HOST=unix:///run/user/1000/docker.sock   docker:stable-dind-rootless
unknown flag: --experimental

Usage:  docker run [OPTIONS] IMAGE [COMMAND] [ARG...]

Run 'docker run --help' for more information
laborant@docker-01:environment$ docker run --rm --privileged --name dind-rootless-container   -e DOCKER_TLS_CERTDIR=/certs   -e DOCKER_HOST=unix:///run/user/1000/docker.sock   docker:stable-dind-rootless --experimental
Generating RSA private key, 4096 bit long modulus (2 primes)
.................................................................................................................................................++++
......++++
e is 65537 (0x010001)
Generating RSA private key, 4096 bit long modulus (2 primes)
..................................++++
....................................................................++++
e is 65537 (0x010001)
Signature ok
subject=CN = docker:dind server
Getting CA Private Key
/certs/server/cert.pem: OK
Generating RSA private key, 4096 bit long modulus (2 primes)
......................++++
.................................................................................................................................................................................................++++
e is 65537 (0x010001)
Signature ok
subject=CN = docker:dind client
Getting CA Private Key
/certs/client/cert.pem: OK
time="2026-03-15T12:22:26.532937622Z" level=info msg="Starting up"
time="2026-03-15T12:22:26.532964001Z" level=warning msg="Running experimental build"
time="2026-03-15T12:22:26.532967207Z" level=warning msg="Running in rootless mode. Cgroups, AppArmor, and CRIU are disabled."
time="2026-03-15T12:22:26.532970603Z" level=info msg="Running with RootlessKit integration"
time="2026-03-15T12:22:26.534072581Z" level=warning msg="could not change group /run/user/1000/docker.sock to docker: group docker not found"
time="2026-03-15T12:22:26.534753216Z" level=info msg="libcontainerd: started new containerd process" pid=94
time="2026-03-15T12:22:26.534770879Z" level=info msg="parsed scheme: \"unix\"" module=grpc
time="2026-03-15T12:22:26.534777050Z" level=info msg="scheme \"unix\" not registered, fallback to default scheme" module=grpc
time="2026-03-15T12:22:26.534790074Z" level=info msg="ccResolverWrapper: sending update to cc: {[{unix:///run/user/1000/docker/containerd/containerd.sock 0  <nil>}] <nil>}" module=grpc
time="2026-03-15T12:22:26.534795835Z" level=info msg="ClientConn switching balancer to \"pick_first\"" module=grpc
time="2026-03-15T12:22:26.543557569Z" level=info msg="starting containerd" revision=ea765aba0d05254012b0b9e595e995c09186427f version=v1.3.9
time="2026-03-15T12:22:26.551756336Z" level=info msg="loading plugin \"io.containerd.content.v1.content\"..." type=io.containerd.content.v1
time="2026-03-15T12:22:26.551852635Z" level=info msg="loading plugin \"io.containerd.snapshotter.v1.btrfs\"..." type=io.containerd.snapshotter.v1
time="2026-03-15T12:22:26.552164785Z" level=info msg="skip loading plugin \"io.containerd.snapshotter.v1.btrfs\"..." error="path /home/rootless/.local/share/docker/containerd/daemon/io.containerd.snapshotter.v1.btrfs (ext4) must be a btrfs filesystem to be used with the btrfs snapshotter: skip plugin" type=io.containerd.snapshotter.v1
time="2026-03-15T12:22:26.552205180Z" level=info msg="loading plugin \"io.containerd.snapshotter.v1.devmapper\"..." type=io.containerd.snapshotter.v1
time="2026-03-15T12:22:26.552220369Z" level=warning msg="failed to load plugin io.containerd.snapshotter.v1.devmapper" error="devmapper not configured"
time="2026-03-15T12:22:26.552225879Z" level=info msg="loading plugin \"io.containerd.snapshotter.v1.aufs\"..." type=io.containerd.snapshotter.v1
time="2026-03-15T12:22:26.553964921Z" level=info msg="skip loading plugin \"io.containerd.snapshotter.v1.aufs\"..." error="modprobe aufs failed: \"Device \\\"aufs\\\" does not exist.\\nmodprobe: can't change directory to '/lib/modules': No such file or directory\\n\": exit status 1: skip plugin" type=io.containerd.snapshotter.v1
time="2026-03-15T12:22:26.553978135Z" level=info msg="loading plugin \"io.containerd.snapshotter.v1.native\"..." type=io.containerd.snapshotter.v1
time="2026-03-15T12:22:26.554063053Z" level=info msg="loading plugin \"io.containerd.snapshotter.v1.overlayfs\"..." type=io.containerd.snapshotter.v1
time="2026-03-15T12:22:26.554215176Z" level=info msg="loading plugin \"io.containerd.snapshotter.v1.zfs\"..." type=io.containerd.snapshotter.v1
time="2026-03-15T12:22:26.554362720Z" level=info msg="skip loading plugin \"io.containerd.snapshotter.v1.zfs\"..." error="path /home/rootless/.local/share/docker/containerd/daemon/io.containerd.snapshotter.v1.zfs must be a zfs filesystem to be used with the zfs snapshotter: skip plugin" type=io.containerd.snapshotter.v1
time="2026-03-15T12:22:26.554374392Z" level=info msg="loading plugin \"io.containerd.metadata.v1.bolt\"..." type=io.containerd.metadata.v1
time="2026-03-15T12:22:26.554425717Z" level=warning msg="could not use snapshotter devmapper in metadata plugin" error="devmapper not configured"
time="2026-03-15T12:22:26.554432810Z" level=info msg="metadata content store policy set" policy=shared
time="2026-03-15T12:22:26.555619175Z" level=info msg="loading plugin \"io.containerd.differ.v1.walking\"..." type=io.containerd.differ.v1
time="2026-03-15T12:22:26.555636367Z" level=info msg="loading plugin \"io.containerd.gc.v1.scheduler\"..." type=io.containerd.gc.v1
time="2026-03-15T12:22:26.555676562Z" level=info msg="loading plugin \"io.containerd.service.v1.containers-service\"..." type=io.containerd.service.v1
time="2026-03-15T12:22:26.555695668Z" level=info msg="loading plugin \"io.containerd.service.v1.content-service\"..." type=io.containerd.service.v1
time="2026-03-15T12:22:26.555712789Z" level=info msg="loading plugin \"io.containerd.service.v1.diff-service\"..." type=io.containerd.service.v1
time="2026-03-15T12:22:26.555725763Z" level=info msg="loading plugin \"io.containerd.service.v1.images-service\"..." type=io.containerd.service.v1
time="2026-03-15T12:22:26.555733307Z" level=info msg="loading plugin \"io.containerd.service.v1.leases-service\"..." type=io.containerd.service.v1
time="2026-03-15T12:22:26.555756931Z" level=info msg="loading plugin \"io.containerd.service.v1.namespaces-service\"..." type=io.containerd.service.v1
time="2026-03-15T12:22:26.555810651Z" level=info msg="loading plugin \"io.containerd.service.v1.snapshots-service\"..." type=io.containerd.service.v1
time="2026-03-15T12:22:26.555830729Z" level=info msg="loading plugin \"io.containerd.runtime.v1.linux\"..." type=io.containerd.runtime.v1
time="2026-03-15T12:22:26.555981108Z" level=info msg="loading plugin \"io.containerd.runtime.v2.task\"..." type=io.containerd.runtime.v2
time="2026-03-15T12:22:26.556110088Z" level=info msg="loading plugin \"io.containerd.monitor.v1.cgroups\"..." type=io.containerd.monitor.v1
time="2026-03-15T12:22:26.556282158Z" level=info msg="loading plugin \"io.containerd.service.v1.tasks-service\"..." type=io.containerd.service.v1
time="2026-03-15T12:22:26.556297105Z" level=info msg="loading plugin \"io.containerd.internal.v1.restart\"..." type=io.containerd.internal.v1
time="2026-03-15T12:22:26.556333673Z" level=info msg="loading plugin \"io.containerd.grpc.v1.containers\"..." type=io.containerd.grpc.v1
time="2026-03-15T12:22:26.556341137Z" level=info msg="loading plugin \"io.containerd.grpc.v1.content\"..." type=io.containerd.grpc.v1
time="2026-03-15T12:22:26.556346778Z" level=info msg="loading plugin \"io.containerd.grpc.v1.diff\"..." type=io.containerd.grpc.v1
time="2026-03-15T12:22:26.556351536Z" level=info msg="loading plugin \"io.containerd.grpc.v1.events\"..." type=io.containerd.grpc.v1
time="2026-03-15T12:22:26.556358570Z" level=info msg="loading plugin \"io.containerd.grpc.v1.healthcheck\"..." type=io.containerd.grpc.v1
time="2026-03-15T12:22:26.556365552Z" level=info msg="loading plugin \"io.containerd.grpc.v1.images\"..." type=io.containerd.grpc.v1
time="2026-03-15T12:22:26.556370742Z" level=info msg="loading plugin \"io.containerd.grpc.v1.leases\"..." type=io.containerd.grpc.v1
time="2026-03-15T12:22:26.556376032Z" level=info msg="loading plugin \"io.containerd.grpc.v1.namespaces\"..." type=io.containerd.grpc.v1
time="2026-03-15T12:22:26.556393745Z" level=info msg="loading plugin \"io.containerd.internal.v1.opt\"..." type=io.containerd.internal.v1
time="2026-03-15T12:22:26.556446944Z" level=warning msg="failed to load plugin io.containerd.internal.v1.opt" error="mkdir /opt/containerd: permission denied"
time="2026-03-15T12:22:26.556455580Z" level=info msg="loading plugin \"io.containerd.grpc.v1.snapshots\"..." type=io.containerd.grpc.v1
time="2026-03-15T12:22:26.556481127Z" level=info msg="loading plugin \"io.containerd.grpc.v1.tasks\"..." type=io.containerd.grpc.v1
time="2026-03-15T12:22:26.556487189Z" level=info msg="loading plugin \"io.containerd.grpc.v1.version\"..." type=io.containerd.grpc.v1
time="2026-03-15T12:22:26.556493330Z" level=info msg="loading plugin \"io.containerd.grpc.v1.introspection\"..." type=io.containerd.grpc.v1
time="2026-03-15T12:22:26.556641565Z" level=info msg=serving... address=/run/user/1000/docker/containerd/containerd-debug.sock
time="2026-03-15T12:22:26.556716655Z" level=info msg=serving... address=/run/user/1000/docker/containerd/containerd.sock.ttrpc
time="2026-03-15T12:22:26.556795061Z" level=info msg=serving... address=/run/user/1000/docker/containerd/containerd.sock
time="2026-03-15T12:22:26.556846787Z" level=info msg="containerd successfully booted in 0.013776s"
time="2026-03-15T12:22:26.566732811Z" level=info msg="parsed scheme: \"unix\"" module=grpc
time="2026-03-15T12:22:26.566748620Z" level=info msg="scheme \"unix\" not registered, fallback to default scheme" module=grpc
time="2026-03-15T12:22:26.566764250Z" level=info msg="ccResolverWrapper: sending update to cc: {[{unix:///run/user/1000/docker/containerd/containerd.sock 0  <nil>}] <nil>}" module=grpc
time="2026-03-15T12:22:26.566773066Z" level=info msg="ClientConn switching balancer to \"pick_first\"" module=grpc
time="2026-03-15T12:22:26.567413656Z" level=info msg="parsed scheme: \"unix\"" module=grpc
time="2026-03-15T12:22:26.567485109Z" level=info msg="scheme \"unix\" not registered, fallback to default scheme" module=grpc
time="2026-03-15T12:22:26.567508382Z" level=info msg="ccResolverWrapper: sending update to cc: {[{unix:///run/user/1000/docker/containerd/containerd.sock 0  <nil>}] <nil>}" module=grpc
time="2026-03-15T12:22:26.567544900Z" level=info msg="ClientConn switching balancer to \"pick_first\"" module=grpc
time="2026-03-15T12:22:26.576498651Z" level=warning msg="Your kernel does not support swap memory limit"
time="2026-03-15T12:22:26.576528957Z" level=warning msg="Your kernel does not support memory reservation"
time="2026-03-15T12:22:26.576541130Z" level=warning msg="Your kernel does not support oom control"
time="2026-03-15T12:22:26.576551900Z" level=warning msg="Your kernel does not support memory swappiness"
time="2026-03-15T12:22:26.576562259Z" level=warning msg="Your kernel does not support kernel memory limit"
time="2026-03-15T12:22:26.576572268Z" level=warning msg="Your kernel does not support kernel memory TCP limit"
time="2026-03-15T12:22:26.576582226Z" level=warning msg="Your kernel does not support cgroup cpu shares"
time="2026-03-15T12:22:26.576603656Z" level=warning msg="Your kernel does not support cgroup cfs period"
time="2026-03-15T12:22:26.576618003Z" level=warning msg="Your kernel does not support cgroup cfs quotas"
time="2026-03-15T12:22:26.576628061Z" level=warning msg="Your kernel does not support cgroup rt period"
time="2026-03-15T12:22:26.576637880Z" level=warning msg="Your kernel does not support cgroup rt runtime"
time="2026-03-15T12:22:26.576647978Z" level=warning msg="Unable to find blkio cgroup in mounts"
time="2026-03-15T12:22:26.576768793Z" level=info msg="Loading containers: start."
time="2026-03-15T12:22:26.603207771Z" level=info msg="Default bridge (docker0) is assigned with an IP address 172.17.0.0/16. Daemon option --bip can be used to set a preferred IP address"
time="2026-03-15T12:22:26.622557493Z" level=info msg="Loading containers: done."
time="2026-03-15T12:22:26.627413619Z" level=warning msg="Not using native diff for overlay2, this may cause degraded performance for building images: failed to set opaque flag on middle layer: operation not permitted" storage-driver=overlay2
time="2026-03-15T12:22:26.627615063Z" level=info msg="Docker daemon" commit=5eb3275 graphdriver(s)=overlay2 version=19.03.14
time="2026-03-15T12:22:26.627774690Z" level=info msg="Daemon has completed initialization"
time="2026-03-15T12:22:26.640354880Z" level=info msg="API listen on [::]:2376"
time="2026-03-15T12:22:26.640359589Z" level=info msg="API listen on /run/user/1000/docker.sock"

^Ctime="2026-03-15T12:22:34.461479692Z" level=info msg="Processing signal 'interrupt'"
time="2026-03-15T12:22:34.462209859Z" level=info msg="Daemon shutdown complete"
time="2026-03-15T12:22:34.462241017Z" level=info msg="stopping event stream following graceful shutdown" error="context canceled" module=libcontainerd namespace=moby
time="2026-03-15T12:22:34.462274138Z" level=info msg="stopping healthcheck following graceful shutdown" module=libcontainerd
time="2026-03-15T12:22:34.462312289Z" level=info msg="stopping event stream following graceful shutdown" error="context canceled" module=libcontainerd namespace=plugins.moby
laborant@docker-01:environment$ 

laborant@docker-01:environment$ docker run -d --rm --privileged --name dind-rootless-container   -e DOCKER_TLS_CERTDIR=/certs   -e DOCKER_HOST=uni
x:///run/user/1000/docker.sock   docker:stable-dind-rootless --experimental
06079544d808da078c0c5551fca78c2abd900a9dad224507c36d92db59d47e5b
laborant@docker-01:environment$ docker ps
CONTAINER ID   IMAGE                         COMMAND                  CREATED         STATUS        PORTS           NAMES
06079544d808   docker:stable-dind-rootless   "dockerd-entrypoint.…"   2 seconds ago   Up 1 second   2375-2376/tcp   dind-rootless-container
laborant@docker-01:environment$ docker ps -a
CONTAINER ID   IMAGE                         COMMAND                  CREATED         STATUS         PORTS           NAMES
06079544d808   docker:stable-dind-rootless   "dockerd-entrypoint.…"   3 seconds ago   Up 2 seconds   2375-2376/tcp   dind-rootless-container
laborant@docker-01:environment$ docker run -it dind-rootless-container bash
Unable to find image 'dind-rootless-container:latest' locally
^Claborant@docker-01:environment$ docker exec -it dind-rootless-container bash
docker: unknown command: docker ruexecit

Run 'docker --help' for more information
laborant@docker-01:environment$ docker exec -it dind-rootless-container bash
OCI runtime exec failed: exec failed: unable to start container process: exec: "bash": executable file not found in $PATH
laborant@docker-01:environment$ docker exec -it dind-rootless-container sh
/ $ docker

Usage:  docker [OPTIONS] COMMAND

A self-sufficient runtime for containers

Options:
      --config string      Location of client config files (default "/home/rootless/.docker")
  -c, --context string     Name of the context to use to connect to the daemon (overrides DOCKER_HOST env var and default context set with
                           "docker context use")
  -D, --debug              Enable debug mode
  -H, --host list          Daemon socket(s) to connect to
  -l, --log-level string   Set the logging level ("debug"|"info"|"warn"|"error"|"fatal") (default "info")
      --tls                Use TLS; implied by --tlsverify
      --tlscacert string   Trust certs signed only by this CA (default "/home/rootless/.docker/ca.pem")
      --tlscert string     Path to TLS certificate file (default "/home/rootless/.docker/cert.pem")
      --tlskey string      Path to TLS key file (default "/home/rootless/.docker/key.pem")
      --tlsverify          Use TLS and verify the remote
  -v, --version            Print version information and quit

Management Commands:
  builder     Manage builds
  checkpoint  Manage checkpoints
  config      Manage Docker configs
  container   Manage containers
  context     Manage contexts
  engine      Manage the docker engine
  image       Manage images
  network     Manage networks
  node        Manage Swarm nodes
  plugin      Manage plugins
  secret      Manage Docker secrets
  service     Manage services
  stack       Manage Docker stacks
  swarm       Manage Swarm
  system      Manage Docker
  trust       Manage trust on Docker images
  volume      Manage volumes

Commands:
  attach      Attach local standard input, output, and error streams to a running container
  build       Build an image from a Dockerfile
  commit      Create a new image from a container's changes
  cp          Copy files/folders between a container and the local filesystem
  create      Create a new container
  deploy      Deploy a new stack or update an existing stack
  diff        Inspect changes to files or directories on a container's filesystem
  events      Get real time events from the server
  exec        Run a command in a running container
  export      Export a container's filesystem as a tar archive
  history     Show the history of an image
  images      List images
  import      Import the contents from a tarball to create a filesystem image
  info        Display system-wide information
  inspect     Return low-level information on Docker objects
  kill        Kill one or more running containers
  load        Load an image from a tar archive or STDIN
  login       Log in to a Docker registry
  logout      Log out from a Docker registry
  logs        Fetch the logs of a container
  pause       Pause all processes within one or more containers
  port        List port mappings or a specific mapping for the container
  ps          List containers
  pull        Pull an image or a repository from a registry
  push        Push an image or a repository to a registry
  rename      Rename a container
  restart     Restart one or more containers
  rm          Remove one or more containers
  rmi         Remove one or more images
  run         Run a command in a new container
  save        Save one or more images to a tar archive (streamed to STDOUT by default)
  search      Search the Docker Hub for images
  start       Start one or more stopped containers
  stats       Display a live stream of container(s) resource usage statistics
  stop        Stop one or more running containers
  tag         Create a tag TARGET_IMAGE that refers to SOURCE_IMAGE
  top         Display the running processes of a container
  unpause     Unpause all processes within one or more containers
  update      Update configuration of one or more containers
  version     Show the Docker version information
  wait        Block until one or more containers stop, then print their exit codes

Run 'docker COMMAND --help' for more information on a command.
/ $ docker ps
CONTAINER ID        IMAGE               COMMAND             CREATED             STATUS              PORTS               NAMES
/ $ docker images
REPOSITORY          TAG                 IMAGE ID            CREATED             SIZE
/ $ laborant@docker-01:environment$ 
laborant@docker-01:environment$ 
laborant@docker-01:environment$ 

laborant@docker-01:environment$ docker ps -a
CONTAINER ID   IMAGE                         COMMAND                  CREATED         STATUS         PORTS           NAMES
06079544d808   docker:stable-dind-rootless   "dockerd-entrypoint.…"   2 minutes ago   Up 2 minutes   2375-2376/tcp   dind-rootless-container
laborant@docker-01:environment$ docker exec -it dind-rootless-container sh
/ $ kind
sh: kind: not found
/ $ laborant@docker-01:environment$ 
laborant@docker-01:environment$ 
laborant@docker-01:environment$ docker exec -it dind-rootless-container sh
/ $ apk update && apk add --no-cache \
>     bash \
>     ca-certificates \
>     curl \
>     git \
>     jq \
>     python3 \
>     py3-yaml \
>     tar \
>     gzip
ERROR: Unable to lock database: Permission denied
ERROR: Failed to open apk database: Permission denied
/ $ sudo apk update && sudo apk add --no-cache \
>     bash \
>     ca-certificates \
>     curl \
>     git \
>     jq \
>     python3 \
>     py3-yaml \
>     tar \
>     gzip
sh: sudo: not found
/ $ apk
apk-tools 2.10.5, compiled for x86_64.

Installing and removing packages:
  add       Add PACKAGEs to 'world' and install (or upgrade) them, while ensuring that all dependencies are met
  del       Remove PACKAGEs from 'world' and uninstall them

System maintenance:
  fix       Repair package or upgrade it without modifying main dependencies
  update    Update repository indexes from all remote repositories
  upgrade   Upgrade currently installed packages to match repositories
  cache     Download missing PACKAGEs to cache and/or delete unneeded files from cache

Querying information about packages:
  info      Give detailed information about PACKAGEs or repositories
  list      List packages by PATTERN and other criteria
  search    Search package by PATTERNs or by indexed dependencies
  dot       Generate graphviz graphs
  policy    Show repository policy for packages

Repository maintenance:
  index     Create repository index file from FILEs
  fetch     Download PACKAGEs from global repositories to a local directory
  verify    Verify package integrity and signature
  manifest  Show checksums of package contents

Use apk <command> --help for command-specific help.
Use apk --help --verbose for a full command listing.

This apk has coffee making abilities.
/ $ apk update
ERROR: Unable to lock database: Permission denied
ERROR: Failed to open apk database: Permission denied
/ $ laborant@docker-01:environment$ 
laborant@docker-01:environment$ 
laborant@docker-01:environment$ 

laborant@docker-01:environment$ docker exec -it dind-rootless-container sh
/ $ whoami
rootless
/ $ apk add
ERROR: Unable to lock database: Permission denied
ERROR: Failed to open apk database: Permission denied
/ $ laborant@docker-01:environment$ 
laborant@docker-01:project$ docker run --rm -it project bash
301f45fc5458:/app/helm-charts-editor# helm version
version.BuildInfo{Version:"v3.20.1", GitCommit:"a2369ca71c0ef633bf6e4fccd66d634eb379b371", GitTreeState:"clean", GoVersion:"go1.25.8"}
301f45fc5458:/app/helm-charts-editor# kind version
kind v0.31.0 go1.25.5 linux/amd64
301f45fc5458:/app/helm-charts-editor# cat /etc/o
opt/        os-release  
301f45fc5458:/app/helm-charts-editor# cat /etc/os-release 
NAME="Alpine Linux"
ID=alpine
VERSION_ID=3.23.3
PRETTY_NAME="Alpine Linux v3.23"
HOME_URL="https://alpinelinux.org/"
BUG_REPORT_URL="https://gitlab.alpinelinux.org/alpine/aports/-/issues"
301f45fc5458:/app/helm-charts-editor# kubectl version
Client Version: v1.35.2
Kustomize Version: v5.7.1
The connection to the server localhost:8080 was refused - did you specify the right host or port?
301f45fc5458:/app/helm-charts-editor# jq
jq - commandline JSON processor [version 1.8.1]

Usage:  jq [options] <jq filter> [file...]
        jq [options] --args <jq filter> [strings...]
        jq [options] --jsonargs <jq filter> [JSON_TEXTS...]

jq is a tool for processing JSON inputs, applying the given filter to
its JSON text inputs and producing the filter's results as JSON on
standard output.

The simplest filter is ., which copies jq's input to its output
unmodified except for formatting. For more advanced filters see
the jq(1) manpage ("man jq") and/or https://jqlang.org/.

Example:

        $ echo '{"foo": 0}' | jq .
        {
          "foo": 0
        }

For listing the command options, use jq --help.
301f45fc5458:/app/helm-charts-editor# git
usage: git [-v | --version] [-h | --help] [-C <path>] [-c <name>=<value>]
           [--exec-path[=<path>]] [--html-path] [--man-path] [--info-path]
           [-p | --paginate | -P | --no-pager] [--no-replace-objects] [--no-lazy-fetch]
           [--no-optional-locks] [--no-advice] [--bare] [--git-dir=<path>]
           [--work-tree=<path>] [--namespace=<name>] [--config-env=<name>=<envvar>]
           <command> [<args>]

These are common Git commands used in various situations:

start a working area (see also: git help tutorial)
   clone      Clone a repository into a new directory
   init       Create an empty Git repository or reinitialize an existing one

work on the current change (see also: git help everyday)
   add        Add file contents to the index
   mv         Move or rename a file, a directory, or a symlink
   restore    Restore working tree files
   rm         Remove files from the working tree and from the index

examine the history and state (see also: git help revisions)
   bisect     Use binary search to find the commit that introduced a bug
   diff       Show changes between commits, commit and working tree, etc
   grep       Print lines matching a pattern
   log        Show commit logs
   show       Show various types of objects
   status     Show the working tree status

grow, mark and tweak your common history
   backfill   Download missing objects in a partial clone
   branch     List, create, or delete branches
   commit     Record changes to the repository
   merge      Join two or more development histories together
   rebase     Reapply commits on top of another base tip
   reset      Reset current HEAD to the specified state
   switch     Switch branches
   tag        Create, list, delete or verify tags

collaborate (see also: git help workflows)
   fetch      Download objects and refs from another repository
   pull       Fetch from and integrate with another repository or a local branch
   push       Update remote refs along with associated objects

'git help -a' and 'git help -g' list available subcommands and some
concept guides. See 'git help <command>' or 'git help <concept>'
to read about a specific subcommand or concept.
See 'git help git' for an overview of the system.
301f45fc5458:/app/helm-charts-editor# open
openssl  openvt   
301f45fc5458:/app/helm-charts-editor# openssl 
help:

Standard commands
asn1parse         ca                ciphers           cmp               
cms               crl               crl2pkcs7         dgst              
dhparam           dsa               dsaparam          ec                
ecparam           enc               engine            errstr            
fipsinstall       gendsa            genpkey           genrsa            
help              info              kdf               list              
mac               nseq              ocsp              passwd            
pkcs12            pkcs7             pkcs8             pkey              
pkeyparam         pkeyutl           prime             rand              
rehash            req               rsa               rsautl            
s_client          s_server          s_time            sess_id           
skeyutl           smime             speed             spkac             
srp               storeutl          ts                verify            
version           x509              

Message Digest commands (see the `dgst' command for more details)
blake2b512        blake2s256        md4               md5               
rmd160            sha1              sha224            sha256            
sha3-224          sha3-256          sha3-384          sha3-512          
sha384            sha512            sha512-224        sha512-256        
shake128          shake256          sm3               

Cipher commands (see the `enc' command for more details)
aes-128-cbc       aes-128-ecb       aes-192-cbc       aes-192-ecb       
aes-256-cbc       aes-256-ecb       aria-128-cbc      aria-128-cfb      
aria-128-cfb1     aria-128-cfb8     aria-128-ctr      aria-128-ecb      
aria-128-ofb      aria-192-cbc      aria-192-cfb      aria-192-cfb1     
aria-192-cfb8     aria-192-ctr      aria-192-ecb      aria-192-ofb      
aria-256-cbc      aria-256-cfb      aria-256-cfb1     aria-256-cfb8     
aria-256-ctr      aria-256-ecb      aria-256-ofb      base64            
bf                bf-cbc            bf-cfb            bf-ecb            
bf-ofb            camellia-128-cbc  camellia-128-ecb  camellia-192-cbc  
camellia-192-ecb  camellia-256-cbc  camellia-256-ecb  cast              
cast-cbc          cast5-cbc         cast5-cfb         cast5-ecb         
cast5-ofb         des               des-cbc           des-cfb           
des-ecb           des-ede           des-ede-cbc       des-ede-cfb       
des-ede-ofb       des-ede3          des-ede3-cbc      des-ede3-cfb      
des-ede3-ofb      des-ofb           des3              desx              
rc2               rc2-40-cbc        rc2-64-cbc        rc2-cbc           
rc2-cfb           rc2-ecb           rc2-ofb           rc4               
rc4-40            sm4-cbc           sm4-cfb           sm4-ctr           
sm4-ecb           sm4-ofb           

301f45fc5458:/app/helm-charts-editor# openssl version
OpenSSL 3.5.5 27 Jan 2026 (Library: OpenSSL 3.5.5 27 Jan 2026)
301f45fc5458:/app/helm-charts-editor# jq version
jq: error: version/0 is not defined at <top-level>, line 1, column 1:
    version
    ^^^^^^^
jq: 1 compile error
301f45fc5458:/app/helm-charts-editor# jq --version
jq-1.8.1
301f45fc5458:/app/helm-charts-editor# curl --version
curl 8.17.0 (x86_64-alpine-linux-musl) libcurl/8.17.0 OpenSSL/3.5.5 zlib/1.3.1 brotli/1.2.0 zstd/1.5.7 c-ares/1.34.6 libidn2/2.3.8 libpsl/0.21.5 nghttp2/1.68.0 nghttp3/1.13.1
Release-Date: 2025-11-05
Protocols: dict file ftp ftps gopher gophers http https imap imaps ipfs ipns mqtt pop3 pop3s rtsp smb smbs smtp smtps telnet tftp ws wss
Features: alt-svc AsynchDNS brotli HSTS HTTP2 HTTP3 HTTPS-proxy IDN IPv6 Largefile libz NTLM PSL SSL threadsafe TLS-SRP UnixSockets zstd
301f45fc5458:/app/helm-charts-editor# git --version
git version 2.52.0
301f45fc5458:/app/helm-charts-editor# git version
git version 2.52.0
301f45fc5458:/app/helm-charts-editor# tar --version
tar (GNU tar) 1.35
Copyright (C) 2023 Free Software Foundation, Inc.
License GPLv3+: GNU GPL version 3 or later <https://gnu.org/licenses/gpl.html>.
This is free software: you are free to change and redistribute it.
There is NO WARRANTY, to the extent permitted by law.

Written by John Gilmore and Jay Fenlason.
301f45fc5458:/app/helm-charts-editor# gzip --version
gzip 1.14
Copyright (C) 2025 Free Software Foundation, Inc.
Copyright (C) 1993 Jean-loup Gailly.
This is free software.  You may redistribute copies of it under the terms of
the GNU General Public License <https://www.gnu.org/licenses/gpl.html>.
There is NO WARRANTY, to the extent permitted by law.

Written by Jean-loup Gailly.
301f45fc5458:/app/helm-charts-editor# bash --version
GNU bash, version 5.3.3(1)-release (x86_64-alpine-linux-musl)
Copyright (C) 2025 Free Software Foundation, Inc.
License GPLv3+: GNU GPL version 3 or later <http://gnu.org/licenses/gpl.html>

This is free software; you are free to change and redistribute it.
There is NO WARRANTY, to the extent permitted by law.
301f45fc5458:/app/helm-charts-editor# python --version
python      python3     python3.12  
301f45fc5458:/app/helm-charts-editor# python --version
Python 3.12.12
301f45fc5458:/app/helm-charts-editor# python3 --version
Python 3.12.12
301f45fc5458:/app/helm-charts-editor# python3.12 --version
Python 3.12.12
301f45fc5458:/app/helm-charts-editor# 

Welcome to iximiuz Labs' K3s Barebone Playground! 🚀

Experiment with a lightweight Kubernetes distribution in a safe and isolated environment.

Batteries included:

- helm, krew, kubectx, kubens, k9s: Essential Kubernetes tools.
- kexp: Visual Kubernetes Explorer with a dynamical object graph.
- dive: A CLI to explore container images and layers.
- cdebug: A swiss army knife of container debugging.
- crane: A CLI to manipulate container images.
- regctl: A CLI to interact with container registries.
- vim, fzf, ripgrep: Command-line file editing and searching.
- fx, jq, yq: Powerful JSON and YAML viewers and processors.
- curl, socat, websocat: A comprehensive networking toolkit.
- arkade: An efficient installer for additional tools you might require.

Additional services at your disposal:

* Port publishing: Showcase your app with its own public URL.
* Terminal sharing: Collaborate seamlessly by sharing your terminal session.
* registry.iximiuz.com: A private hub to push and pull container images.

Playground VMs are ephemeral and short-lived — terminating a VM purges
all data, including images in the private registry. Please, do not use
playgrounds for processing critical or sensitive information.


laborant@k3s-01:~$ k version
Client Version: v1.35.0
Kustomize Version: v5.7.1
The connection to the server localhost:8080 was refused - did you specify the right host or port?
laborant@k3s-01:~$ k version
Client Version: v1.35.0
Kustomize Version: v5.7.1
Server Version: v1.35.0+k3s3
laborant@k3s-01:~$ k get sc
NAME                   PROVISIONER             RECLAIMPOLICY   VOLUMEBINDINGMODE      ALLOWVOLUMEEXPANSION   AGE
local-path (default)   rancher.io/local-path   Delete          WaitForFirstConsumer   false                  2s
laborant@k3s-01:~$ k get sc
NAME                   PROVISIONER             RECLAIMPOLICY   VOLUMEBINDINGMODE      ALLOWVOLUMEEXPANSION   AGE
local-path (default)   rancher.io/local-path   Delete          WaitForFirstConsumer   false                  5s
laborant@k3s-01:~$ k get sc
NAME                   PROVISIONER             RECLAIMPOLICY   VOLUMEBINDINGMODE      ALLOWVOLUMEEXPANSION   AGE
local-path (default)   rancher.io/local-path   Delete          WaitForFirstConsumer   false                  6s
laborant@k3s-01:~$ 
laborant@k3s-01:~$ curl -fsSL https://raw.githubusercontent.com/helm/helm/main/scripts/get-helm-3 | bash
Helm v3.20.1 is available. Changing from version v4.1.1.
Downloading https://get.helm.sh/helm-v3.20.1-linux-amd64.tar.gz
Verifying checksum... Done.
Preparing to install helm into /usr/local/bin
helm installed into /usr/local/bin/helm
laborant@k3s-01:~$ helm version
version.BuildInfo{Version:"v3.20.1", GitCommit:"a2369ca71c0ef633bf6e4fccd66d634eb379b371", GitTreeState:"clean", GoVersion:"go1.25.8"}
laborant@k3s-01:~$ 
laborant@k3s-01:~$ cat /etc/os-release 
PRETTY_NAME="Ubuntu 24.04.4 LTS"
NAME="Ubuntu"
VERSION_ID="24.04"
VERSION="24.04.4 LTS (Noble Numbat)"
VERSION_CODENAME=noble
ID=ubuntu
ID_LIKE=debian
HOME_URL="https://www.ubuntu.com/"
SUPPORT_URL="https://help.ubuntu.com/"
BUG_REPORT_URL="https://bugs.launchpad.net/ubuntu/"
PRIVACY_POLICY_URL="https://www.ubuntu.com/legal/terms-and-policies/privacy-policy"
UBUNTU_CODENAME=noble
LOGO=ubuntu-logo
laborant@k3s-01:~$ env
SHELL=/bin/bash
HISTSIZE=
LC_MONETARY=C.UTF-8
GPG_TTY=/dev/pts/0
EDITOR=/usr/bin/vim
PWD=/home/laborant
LOGNAME=laborant
XDG_SESSION_TYPE=tty
FZF_DEFAULT_COMMAND=rg --files
HOME=/home/laborant
LANG=C.UTF-8
LS_COLORS=rs=0:di=01;34:ln=01;36:mh=00:pi=40;33:so=01;35:do=01;35:bd=40;33;01:cd=40;33;01:or=40;31;01:mi=00:su=37;41:sg=30;43:ca=00:tw=30;42:ow=34;42:st=37;44:ex=01;32:*.tar=01;31:*.tgz=01;31:*.arc=01;31:*.arj=01;31:*.taz=01;31:*.lha=01;31:*.lz4=01;31:*.lzh=01;31:*.lzma=01;31:*.tlz=01;31:*.txz=01;31:*.tzo=01;31:*.t7z=01;31:*.zip=01;31:*.z=01;31:*.dz=01;31:*.gz=01;31:*.lrz=01;31:*.lz=01;31:*.lzo=01;31:*.xz=01;31:*.zst=01;31:*.tzst=01;31:*.bz2=01;31:*.bz=01;31:*.tbz=01;31:*.tbz2=01;31:*.tz=01;31:*.deb=01;31:*.rpm=01;31:*.jar=01;31:*.war=01;31:*.ear=01;31:*.sar=01;31:*.rar=01;31:*.alz=01;31:*.ace=01;31:*.zoo=01;31:*.cpio=01;31:*.7z=01;31:*.rz=01;31:*.cab=01;31:*.wim=01;31:*.swm=01;31:*.dwm=01;31:*.esd=01;31:*.avif=01;35:*.jpg=01;35:*.jpeg=01;35:*.mjpg=01;35:*.mjpeg=01;35:*.gif=01;35:*.bmp=01;35:*.pbm=01;35:*.pgm=01;35:*.ppm=01;35:*.tga=01;35:*.xbm=01;35:*.xpm=01;35:*.tif=01;35:*.tiff=01;35:*.png=01;35:*.svg=01;35:*.svgz=01;35:*.mng=01;35:*.pcx=01;35:*.mov=01;35:*.mpg=01;35:*.mpeg=01;35:*.m2v=01;35:*.mkv=01;35:*.webm=01;35:*.webp=01;35:*.ogm=01;35:*.mp4=01;35:*.m4v=01;35:*.mp4v=01;35:*.vob=01;35:*.qt=01;35:*.nuv=01;35:*.wmv=01;35:*.asf=01;35:*.rm=01;35:*.rmvb=01;35:*.flc=01;35:*.avi=01;35:*.fli=01;35:*.flv=01;35:*.gl=01;35:*.dl=01;35:*.xcf=01;35:*.xwd=01;35:*.yuv=01;35:*.cgm=01;35:*.emf=01;35:*.ogv=01;35:*.ogx=01;35:*.aac=00;36:*.au=00;36:*.flac=00;36:*.m4a=00;36:*.mid=00;36:*.midi=00;36:*.mka=00;36:*.mp3=00;36:*.mpc=00;36:*.ogg=00;36:*.ra=00;36:*.wav=00;36:*.oga=00;36:*.opus=00;36:*.spx=00;36:*.xspf=00;36:*~=00;90:*#=00;90:*.bak=00;90:*.crdownload=00;90:*.dpkg-dist=00;90:*.dpkg-new=00;90:*.dpkg-old=00;90:*.dpkg-tmp=00;90:*.old=00;90:*.orig=00;90:*.part=00;90:*.rej=00;90:*.rpmnew=00;90:*.rpmorig=00;90:*.rpmsave=00;90:*.swp=00;90:*.tmp=00;90:*.ucf-dist=00;90:*.ucf-new=00;90:*.ucf-old=00;90:
SSH_CONNECTION=UNKNOWN 0 UNKNOWN 0
LESSCLOSE=/usr/bin/lesspipe %s %s
XDG_SESSION_CLASS=user
TERM=xterm-256color
LESSOPEN=| /usr/bin/lesspipe %s
USER=laborant
VISUAL=/usr/bin/vim
SHLVL=1
LC_MESSAGES=C.UTF-8
XDG_SESSION_ID=3
LC_CTYPE=C.UTF-8
XDG_RUNTIME_DIR=/run/user/1001
SSH_CLIENT=UNKNOWN 0 0
LC_TIME=C.UTF-8
LC_COLLATE=C.UTF-8
PATH=/usr/local/sbin:/usr/local/bin:/usr/sbin:/usr/bin:/sbin:/bin:/usr/games:/usr/local/games:/snap/bin:/home/laborant/.fzf/bin:/home/laborant/.arkade/bin:/home/laborant/.krew/bin
HISTFILESIZE=
DBUS_SESSION_BUS_ADDRESS=unix:path=/run/user/1001/bus
FZF_DEFAULT_OPTS=-m --height 50% --border
SSH_TTY=/dev/pts/0
LC_NUMERIC=C.UTF-8
_=/usr/bin/env
laborant@k3s-01:~$ export DEBIAN_FRONTEND=noninteractive
laborant@k3s-01:~$ apt-get update && apt-get install -y --no-install-recommends \
    bash \
    ca-certificates \
    curl \
    git \
    jq \
    python3 \
    python3-yaml \
    tar \
    gzip \
    && rm -rf /var/lib/apt/lists/*
Reading package lists... Done
E: Could not open lock file /var/lib/apt/lists/lock - open (13: Permission denied)
E: Unable to lock directory /var/lib/apt/lists/
laborant@k3s-01:~$ sudo apt-get update && sudo apt-get install -y --no-install-recommends     bash     ca-certificates     curl     git     jq    
 python3     python3-yaml     tar     gzip     && rm -rf /var/lib/apt/lists/*
Get:1 http://security.ubuntu.com/ubuntu noble-security InRelease [126 kB]                                
Hit:2 http://archive.ubuntu.com/ubuntu noble InRelease                                                   
Get:3 http://archive.ubuntu.com/ubuntu noble-updates InRelease [126 kB]
Get:4 http://security.ubuntu.com/ubuntu noble-security/restricted amd64 Packages [3398 kB]
Get:5 http://archive.ubuntu.com/ubuntu noble-backports InRelease [126 kB]
Get:6 http://archive.ubuntu.com/ubuntu noble-updates/universe amd64 Packages [2027 kB]
Get:7 http://security.ubuntu.com/ubuntu noble-security/universe amd64 Packages [1261 kB]
Get:8 http://security.ubuntu.com/ubuntu noble-security/main amd64 Packages [1939 kB]
Get:9 http://archive.ubuntu.com/ubuntu noble-updates/restricted amd64 Packages [3569 kB] 
Get:10 http://archive.ubuntu.com/ubuntu noble-updates/main amd64 Packages [2319 kB]
Get:11 http://archive.ubuntu.com/ubuntu noble-backports/main amd64 Packages [49.5 kB]
Get:12 http://archive.ubuntu.com/ubuntu noble-backports/universe amd64 Packages [36.1 kB]
Get:13 http://archive.ubuntu.com/ubuntu noble-backports/multiverse amd64 Packages [695 B]
Fetched 15.0 MB in 3s (4409 kB/s)                         
Reading package lists... Done
Reading package lists... Done
Building dependency tree... Done
Reading state information... Done
bash is already the newest version (5.2.21-2ubuntu4).
ca-certificates is already the newest version (20240203).
git is already the newest version (1:2.43.0-1ubuntu7.3).
python3 is already the newest version (3.12.3-0ubuntu2.1).
python3 set to manually installed.
tar is already the newest version (1.35+dfsg-3build1).
gzip is already the newest version (1.12-1ubuntu3.1).
The following additional packages will be installed:
  libcurl3t64-gnutls libcurl4t64 libjq1 libonig5 libyaml-0-2
The following NEW packages will be installed:
  jq libjq1 libonig5 libyaml-0-2 python3-yaml
The following packages will be upgraded:
  curl libcurl3t64-gnutls libcurl4t64
3 upgraded, 5 newly installed, 0 to remove and 31 not upgraded.
Need to get 1455 kB of archives.
After this operation, 1796 kB of additional disk space will be used.
Get:1 http://archive.ubuntu.com/ubuntu noble/main amd64 libyaml-0-2 amd64 0.2.5-1build1 [51.5 kB]
Get:2 http://archive.ubuntu.com/ubuntu noble/main amd64 python3-yaml amd64 6.0.1-2build2 [123 kB]
Get:3 http://archive.ubuntu.com/ubuntu noble-updates/main amd64 curl amd64 8.5.0-2ubuntu10.8 [227 kB]
Get:4 http://archive.ubuntu.com/ubuntu noble-updates/main amd64 libcurl4t64 amd64 8.5.0-2ubuntu10.8 [342 kB]
Get:5 http://archive.ubuntu.com/ubuntu noble/main amd64 libonig5 amd64 6.9.9-1build1 [172 kB]
Get:6 http://archive.ubuntu.com/ubuntu noble-updates/main amd64 libjq1 amd64 1.7.1-3ubuntu0.24.04.1 [141 kB]
Get:7 http://archive.ubuntu.com/ubuntu noble-updates/main amd64 jq amd64 1.7.1-3ubuntu0.24.04.1 [65.7 kB]
Get:8 http://archive.ubuntu.com/ubuntu noble-updates/main amd64 libcurl3t64-gnutls amd64 8.5.0-2ubuntu10.8 [334 kB]
Fetched 1455 kB in 2s (701 kB/s)        
debconf: delaying package configuration, since apt-utils is not installed
Selecting previously unselected package libyaml-0-2:amd64.
(Reading database ... 45892 files and directories currently installed.)
Preparing to unpack .../0-libyaml-0-2_0.2.5-1build1_amd64.deb ...
Unpacking libyaml-0-2:amd64 (0.2.5-1build1) ...
Selecting previously unselected package python3-yaml.
Preparing to unpack .../1-python3-yaml_6.0.1-2build2_amd64.deb ...
Unpacking python3-yaml (6.0.1-2build2) ...
Preparing to unpack .../2-curl_8.5.0-2ubuntu10.8_amd64.deb ...
Unpacking curl (8.5.0-2ubuntu10.8) over (8.5.0-2ubuntu10.6) ...
Preparing to unpack .../3-libcurl4t64_8.5.0-2ubuntu10.8_amd64.deb ...
Unpacking libcurl4t64:amd64 (8.5.0-2ubuntu10.8) over (8.5.0-2ubuntu10.6) ...
Selecting previously unselected package libonig5:amd64.
Preparing to unpack .../4-libonig5_6.9.9-1build1_amd64.deb ...
Unpacking libonig5:amd64 (6.9.9-1build1) ...
Selecting previously unselected package libjq1:amd64.
Preparing to unpack .../5-libjq1_1.7.1-3ubuntu0.24.04.1_amd64.deb ...
Unpacking libjq1:amd64 (1.7.1-3ubuntu0.24.04.1) ...
Selecting previously unselected package jq.
Preparing to unpack .../6-jq_1.7.1-3ubuntu0.24.04.1_amd64.deb ...
Unpacking jq (1.7.1-3ubuntu0.24.04.1) ...
Preparing to unpack .../7-libcurl3t64-gnutls_8.5.0-2ubuntu10.8_amd64.deb ...
Unpacking libcurl3t64-gnutls:amd64 (8.5.0-2ubuntu10.8) over (8.5.0-2ubuntu10.6) ...
Setting up libcurl4t64:amd64 (8.5.0-2ubuntu10.8) ...
Setting up libyaml-0-2:amd64 (0.2.5-1build1) ...
Setting up libcurl3t64-gnutls:amd64 (8.5.0-2ubuntu10.8) ...
Setting up python3-yaml (6.0.1-2build2) ...
Setting up curl (8.5.0-2ubuntu10.8) ...
Setting up libonig5:amd64 (6.9.9-1build1) ...
Setting up libjq1:amd64 (1.7.1-3ubuntu0.24.04.1) ...
Setting up jq (1.7.1-3ubuntu0.24.04.1) ...
Processing triggers for man-db (2.12.0-4build2) ...
Processing triggers for libc-bin (2.39-0ubuntu8.7) ...
rm: cannot remove '/var/lib/apt/lists/archive.ubuntu.com_ubuntu_dists_noble-backports_InRelease': Permission denied
rm: cannot remove '/var/lib/apt/lists/archive.ubuntu.com_ubuntu_dists_noble-backports_main_binary-amd64_Packages.lz4': Permission denied
rm: cannot remove '/var/lib/apt/lists/archive.ubuntu.com_ubuntu_dists_noble-backports_multiverse_binary-amd64_Packages.lz4': Permission denied
rm: cannot remove '/var/lib/apt/lists/archive.ubuntu.com_ubuntu_dists_noble-backports_universe_binary-amd64_Packages.lz4': Permission denied
rm: cannot remove '/var/lib/apt/lists/archive.ubuntu.com_ubuntu_dists_noble-updates_InRelease': Permission denied
rm: cannot remove '/var/lib/apt/lists/archive.ubuntu.com_ubuntu_dists_noble-updates_main_binary-amd64_Packages.lz4': Permission denied
rm: cannot remove '/var/lib/apt/lists/archive.ubuntu.com_ubuntu_dists_noble-updates_multiverse_binary-amd64_Packages.lz4': Permission denied
rm: cannot remove '/var/lib/apt/lists/archive.ubuntu.com_ubuntu_dists_noble-updates_restricted_binary-amd64_Packages.lz4': Permission denied
rm: cannot remove '/var/lib/apt/lists/archive.ubuntu.com_ubuntu_dists_noble-updates_universe_binary-amd64_Packages.lz4': Permission denied
rm: cannot remove '/var/lib/apt/lists/archive.ubuntu.com_ubuntu_dists_noble_InRelease': Permission denied
rm: cannot remove '/var/lib/apt/lists/archive.ubuntu.com_ubuntu_dists_noble_main_binary-amd64_Packages.lz4': Permission denied
rm: cannot remove '/var/lib/apt/lists/archive.ubuntu.com_ubuntu_dists_noble_multiverse_binary-amd64_Packages.lz4': Permission denied
rm: cannot remove '/var/lib/apt/lists/archive.ubuntu.com_ubuntu_dists_noble_restricted_binary-amd64_Packages.lz4': Permission denied
rm: cannot remove '/var/lib/apt/lists/archive.ubuntu.com_ubuntu_dists_noble_universe_binary-amd64_Packages.lz4': Permission denied
rm: cannot remove '/var/lib/apt/lists/auxfiles': Permission denied
rm: cannot remove '/var/lib/apt/lists/lock': Permission denied
rm: cannot remove '/var/lib/apt/lists/partial': Permission denied
rm: cannot remove '/var/lib/apt/lists/security.ubuntu.com_ubuntu_dists_noble-security_InRelease': Permission denied
rm: cannot remove '/var/lib/apt/lists/security.ubuntu.com_ubuntu_dists_noble-security_main_binary-amd64_Packages.lz4': Permission denied
rm: cannot remove '/var/lib/apt/lists/security.ubuntu.com_ubuntu_dists_noble-security_multiverse_binary-amd64_Packages.lz4': Permission denied
rm: cannot remove '/var/lib/apt/lists/security.ubuntu.com_ubuntu_dists_noble-security_restricted_binary-amd64_Packages.lz4': Permission denied
rm: cannot remove '/var/lib/apt/lists/security.ubuntu.com_ubuntu_dists_noble-security_universe_binary-amd64_Packages.lz4': Permission denied
laborant@k3s-01:~$ sudo apt-get update && sudo apt-get install -y --no-install-recommends     bash     ca-certificates     curl     git     jq     python3     python3-yaml     tar     gzip     && sudo rm -rf /var/lib/apt/lists/*
Hit:1 http://archive.ubuntu.com/ubuntu noble InRelease
Hit:2 http://security.ubuntu.com/ubuntu noble-security InRelease
Hit:3 http://archive.ubuntu.com/ubuntu noble-updates InRelease
Hit:4 http://archive.ubuntu.com/ubuntu noble-backports InRelease
Reading package lists... Done
Reading package lists... Done
Building dependency tree... Done
Reading state information... Done
bash is already the newest version (5.2.21-2ubuntu4).
ca-certificates is already the newest version (20240203).
curl is already the newest version (8.5.0-2ubuntu10.8).
git is already the newest version (1:2.43.0-1ubuntu7.3).
jq is already the newest version (1.7.1-3ubuntu0.24.04.1).
python3 is already the newest version (3.12.3-0ubuntu2.1).
python3-yaml is already the newest version (6.0.1-2build2).
tar is already the newest version (1.35+dfsg-3build1).
gzip is already the newest version (1.12-1ubuntu3.1).
0 upgraded, 0 newly installed, 0 to remove and 31 not upgraded.
laborant@k3s-01:~$ 
laborant@k3s-01:~$ ls /var/lib/apt/lists/
laborant@k3s-01:~$ 
laborant@k3s-01:~$ cd task_5b044399/
laborant@k3s-01:task_5b044399$ ls
codex_env_prompt.txt  codex_events.jsonl  codex_last_message.md  codex_stderr.log  environment  prompt.txt  review.md  scoping_notes.md  verifier
laborant@k3s-01:task_5b044399$ cd environment/
laborant@k3s-01:environment$ ls
Dockerfile  helm-charts-editor
laborant@k3s-01:environment$ cd helm-charts-editor/
laborant@k3s-01:helm-charts-editor$ helm lint charts/mlflow/
==> Linting charts/mlflow/
[INFO] Chart.yaml: icon is recommended

1 chart(s) linted, 0 chart(s) failed
laborant@k3s-01:helm-charts-editor$ helm lint charts/mlflow/
==> Linting charts/mlflow/
[INFO] Chart.yaml: icon is recommended

1 chart(s) linted, 0 chart(s) failed
laborant@k3s-01:helm-charts-editor$ echo $?
0
laborant@k3s-01:helm-charts-editor$ helm template charts/mlflow/
---
# Source: mlflow/templates/serviceaccount.yaml
apiVersion: v1
kind: ServiceAccount
metadata:
  name: release-name-mlflow
  namespace: default
  labels:
    helm.sh/chart: mlflow-1.8.0
    app: mlflow
    app.kubernetes.io/name: mlflow
    app.kubernetes.io/instance: release-name
    version: "3.6.0"
    app.kubernetes.io/version: "3.6.0"
    app.kubernetes.io/managed-by: Helm
---
# Source: mlflow/templates/configmap.yaml
apiVersion: v1
kind: ConfigMap
metadata:
  name: release-name-mlflow-env
  namespace: default
  labels:
    helm.sh/chart: mlflow-1.8.0
    app: mlflow
    app.kubernetes.io/name: mlflow
    app.kubernetes.io/instance: release-name
    version: "3.6.0"
    app.kubernetes.io/version: "3.6.0"
    app.kubernetes.io/managed-by: Helm
data:
  MLFLOW_VERSION: "3.6.0"
---
# Source: mlflow/templates/pvc.yaml
apiVersion: v1
kind: PersistentVolumeClaim
metadata:
  name: release-name-mlflow-data-pvc
  labels:
    helm.sh/chart: mlflow-1.8.0
    app: mlflow
    app.kubernetes.io/name: mlflow
    app.kubernetes.io/instance: release-name
    version: "3.6.0"
    app.kubernetes.io/version: "3.6.0"
    app.kubernetes.io/managed-by: Helm
spec:
  accessModes:
    - ReadWriteOnce
  resources:
    requests:
      storage: 10Gi
---
# Source: mlflow/templates/service.yaml
apiVersion: v1
kind: Service
metadata:
  name: release-name-mlflow
  namespace: default
  labels:
    helm.sh/chart: mlflow-1.8.0
    app: mlflow
    app.kubernetes.io/name: mlflow
    app.kubernetes.io/instance: release-name
    version: "3.6.0"
    app.kubernetes.io/version: "3.6.0"
    app.kubernetes.io/managed-by: Helm
spec:
  type: ClusterIP
  selector:
    app: mlflow
    app.kubernetes.io/name: mlflow
    app.kubernetes.io/instance: release-name
  ports:
    - name: http
      port: 5000
      protocol: TCP
      targetPort: http
---
# Source: mlflow/templates/deployment.yaml
apiVersion: apps/v1
kind: Deployment
metadata:
  name: release-name-mlflow
  namespace: default
  labels:
    helm.sh/chart: mlflow-1.8.0
    app: mlflow
    app.kubernetes.io/name: mlflow
    app.kubernetes.io/instance: release-name
    version: "3.6.0"
    app.kubernetes.io/version: "3.6.0"
    app.kubernetes.io/managed-by: Helm
spec:
  replicas: 1
  strategy:
    type: RollingUpdate
    rollingUpdate:
      maxUnavailable: 0
      maxSurge: 100%
  selector:
    matchLabels:
      app: mlflow
      app.kubernetes.io/name: mlflow
      app.kubernetes.io/instance: release-name
  template:
    metadata:
      labels:
        app: mlflow
        app.kubernetes.io/name: mlflow
        app.kubernetes.io/instance: release-name
    spec:
      serviceAccountName: release-name-mlflow
      securityContext:
        fsGroup: 1001
        fsGroupChangePolicy: OnRootMismatch
      containers:
        - name: mlflow
          image: "burakince/mlflow:3.6.0"
          imagePullPolicy: IfNotPresent
          command:
            - mlflow
          args:
            - server
            - --host=0.0.0.0
            - --port="5000"
            - --backend-store-uri=sqlite:////data/mlflow.db
            - --default-artifact-root=/data/mlruns
          ports:
            - name: http
              containerPort: 5000
              protocol: TCP
          livenessProbe:
            httpGet:
              path: /health
              port: http
          readinessProbe:
            httpGet:
              path: /health
              port: http
          securityContext:
            allowPrivilegeEscalation: false
            capabilities:
              drop:
              - ALL
            privileged: false
            readOnlyRootFilesystem: false
            runAsGroup: 1001
            runAsNonRoot: true
            runAsUser: 1001
          volumeMounts:
            - name: mlflow-data
              mountPath: /data
      volumes:
        - name: mlflow-data
          persistentVolumeClaim:
            claimName: release-name-data-pvc
laborant@k3s-01:helm-charts-editor$ echo $?
0
laborant@k3s-01:helm-charts-editor$ helm template mlflow-test charts/mlflow --namespace mlflow-test2
---
# Source: mlflow/templates/serviceaccount.yaml
apiVersion: v1
kind: ServiceAccount
metadata:
  name: mlflow-test
  namespace: mlflow-test2
  labels:
    helm.sh/chart: mlflow-1.8.0
    app: mlflow
    app.kubernetes.io/name: mlflow
    app.kubernetes.io/instance: mlflow-test
    version: "3.6.0"
    app.kubernetes.io/version: "3.6.0"
    app.kubernetes.io/managed-by: Helm
---
# Source: mlflow/templates/configmap.yaml
apiVersion: v1
kind: ConfigMap
metadata:
  name: mlflow-test-env
  namespace: mlflow-test2
  labels:
    helm.sh/chart: mlflow-1.8.0
    app: mlflow
    app.kubernetes.io/name: mlflow
    app.kubernetes.io/instance: mlflow-test
    version: "3.6.0"
    app.kubernetes.io/version: "3.6.0"
    app.kubernetes.io/managed-by: Helm
data:
  MLFLOW_VERSION: "3.6.0"
---
# Source: mlflow/templates/pvc.yaml
apiVersion: v1
kind: PersistentVolumeClaim
metadata:
  name: mlflow-test-data-pvc
  labels:
    helm.sh/chart: mlflow-1.8.0
    app: mlflow
    app.kubernetes.io/name: mlflow
    app.kubernetes.io/instance: mlflow-test
    version: "3.6.0"
    app.kubernetes.io/version: "3.6.0"
    app.kubernetes.io/managed-by: Helm
spec:
  accessModes:
    - ReadWriteOnce
  resources:
    requests:
      storage: 10Gi
---
# Source: mlflow/templates/service.yaml
apiVersion: v1
kind: Service
metadata:
  name: mlflow-test
  namespace: mlflow-test2
  labels:
    helm.sh/chart: mlflow-1.8.0
    app: mlflow
    app.kubernetes.io/name: mlflow
    app.kubernetes.io/instance: mlflow-test
    version: "3.6.0"
    app.kubernetes.io/version: "3.6.0"
    app.kubernetes.io/managed-by: Helm
spec:
  type: ClusterIP
  selector:
    app: mlflow
    app.kubernetes.io/name: mlflow
    app.kubernetes.io/instance: mlflow-test
  ports:
    - name: http
      port: 5000
      protocol: TCP
      targetPort: http
---
# Source: mlflow/templates/deployment.yaml
apiVersion: apps/v1
kind: Deployment
metadata:
  name: mlflow-test
  namespace: mlflow-test2
  labels:
    helm.sh/chart: mlflow-1.8.0
    app: mlflow
    app.kubernetes.io/name: mlflow
    app.kubernetes.io/instance: mlflow-test
    version: "3.6.0"
    app.kubernetes.io/version: "3.6.0"
    app.kubernetes.io/managed-by: Helm
spec:
  replicas: 1
  strategy:
    type: RollingUpdate
    rollingUpdate:
      maxUnavailable: 0
      maxSurge: 100%
  selector:
    matchLabels:
      app: mlflow
      app.kubernetes.io/name: mlflow
      app.kubernetes.io/instance: mlflow-test
  template:
    metadata:
      labels:
        app: mlflow
        app.kubernetes.io/name: mlflow
        app.kubernetes.io/instance: mlflow-test
    spec:
      serviceAccountName: mlflow-test
      securityContext:
        fsGroup: 1001
        fsGroupChangePolicy: OnRootMismatch
      containers:
        - name: mlflow
          image: "burakince/mlflow:3.6.0"
          imagePullPolicy: IfNotPresent
          command:
            - mlflow
          args:
            - server
            - --host=0.0.0.0
            - --port="5000"
            - --backend-store-uri=sqlite:////data/mlflow.db
            - --default-artifact-root=/data/mlruns
          ports:
            - name: http
              containerPort: 5000
              protocol: TCP
          livenessProbe:
            httpGet:
              path: /health
              port: http
          readinessProbe:
            httpGet:
              path: /health
              port: http
          securityContext:
            allowPrivilegeEscalation: false
            capabilities:
              drop:
              - ALL
            privileged: false
            readOnlyRootFilesystem: false
            runAsGroup: 1001
            runAsNonRoot: true
            runAsUser: 1001
          volumeMounts:
            - name: mlflow-data
              mountPath: /data
      volumes:
        - name: mlflow-data
          persistentVolumeClaim:
            claimName: mlflow-test-data-pvc
laborant@k3s-01:helm-charts-editor$ 
laborant@k3s-01:helm-charts-editor$ helm install mlflow-test charts/mlflow --namespace mlflow-test2
Error: INSTALLATION FAILED: create: failed to create: namespaces "mlflow-test2" not found
laborant@k3s-01:helm-charts-editor$ k get ns
NAME              STATUS   AGE
default           Active   10m
kube-node-lease   Active   10m
kube-public       Active   10m
kube-system       Active   10m
laborant@k3s-01:helm-charts-editor$ k create ns mlflow-test2
namespace/mlflow-test2 created
laborant@k3s-01:helm-charts-editor$ helm install mlflow-test charts/mlflow --namespace mlflow-test2
NAME: mlflow-test
LAST DEPLOYED: Sun Mar 15 20:08:00 2026
NAMESPACE: mlflow-test2
STATUS: deployed
REVISION: 1
TEST SUITE: None
laborant@k3s-01:helm-charts-editor$ k get pod
No resources found in default namespace.
laborant@k3s-01:helm-charts-editor$ k get pod -n mlflow-test2
NAME                           READY   STATUS              RESTARTS   AGE
mlflow-test-7df7967bc9-hb5jc   0/1     ContainerCreating   0          11s
laborant@k3s-01:helm-charts-editor$ k get pod -n mlflow-test2
NAME                           READY   STATUS              RESTARTS   AGE
mlflow-test-7df7967bc9-hb5jc   0/1     ContainerCreating   0          12s
laborant@k3s-01:helm-charts-editor$ k get pod -n mlflow-test2 --watch
NAME                           READY   STATUS              RESTARTS   AGE
mlflow-test-7df7967bc9-hb5jc   0/1     ContainerCreating   0          14s
laborant@k3s-01:helm-charts-editor$ k get pod -n mlflow-test2 --watch
NAME                           READY   STATUS              RESTARTS   AGE
mlflow-test-7df7967bc9-hb5jc   0/1     ContainerCreating   0          29s
mlflow-test-7df7967bc9-hb5jc   0/1     Running             0          31s
mlflow-test-7df7967bc9-hb5jc   0/1     Error               0          33s
mlflow-test-7df7967bc9-hb5jc   0/1     Running             1 (2s ago)   34s
mlflow-test-7df7967bc9-hb5jc   0/1     Error               1 (3s ago)   35s
^Claborant@k3s-01:helm-charts-editor$ k describe pod -n mlflow-test2 
Name:             mlflow-test-7df7967bc9-hb5jc
Namespace:        mlflow-test2
Priority:         0
Service Account:  mlflow-test
Node:             k3s-01/172.16.0.2
Start Time:       Sun, 15 Mar 2026 20:08:03 +0000
Labels:           app=mlflow
                  app.kubernetes.io/instance=mlflow-test
                  app.kubernetes.io/name=mlflow
                  pod-template-hash=7df7967bc9
Annotations:      <none>
Status:           Running
IP:               10.42.0.5
IPs:
  IP:           10.42.0.5
Controlled By:  ReplicaSet/mlflow-test-7df7967bc9
Containers:
  mlflow:
    Container ID:  containerd://f04b7d62a159ab66e74ffda00cbc0307913883b4df2feb875182ac7fb06da085
    Image:         burakince/mlflow:3.6.0
    Image ID:      docker.io/burakince/mlflow@sha256:a5a63685d0297c4233fe713426466cc9ae6dda2ebc040b2b732f5f66cd0fde88
    Port:          5000/TCP (http)
    Host Port:     0/TCP (http)
    Command:
      mlflow
    Args:
      server
      --host=0.0.0.0
      --port="5000"
      --backend-store-uri=sqlite:////data/mlflow.db
      --default-artifact-root=/data/mlruns
    State:          Waiting
      Reason:       CrashLoopBackOff
    Last State:     Terminated
      Reason:       Error
      Exit Code:    2
      Started:      Sun, 15 Mar 2026 20:08:33 +0000
      Finished:     Sun, 15 Mar 2026 20:08:34 +0000
    Ready:          False
    Restart Count:  1
    Liveness:       http-get http://:http/health delay=0s timeout=1s period=10s #success=1 #failure=3
    Readiness:      http-get http://:http/health delay=0s timeout=1s period=10s #success=1 #failure=3
    Environment:    <none>
    Mounts:
      /data from mlflow-data (rw)
      /var/run/secrets/kubernetes.io/serviceaccount from kube-api-access-t476k (ro)
Conditions:
  Type                        Status
  PodReadyToStartContainers   True 
  Initialized                 True 
  Ready                       False 
  ContainersReady             False 
  PodScheduled                True 
Volumes:
  mlflow-data:
    Type:       PersistentVolumeClaim (a reference to a PersistentVolumeClaim in the same namespace)
    ClaimName:  mlflow-test-data-pvc
    ReadOnly:   false
  kube-api-access-t476k:
    Type:                    Projected (a volume that contains injected data from multiple sources)
    TokenExpirationSeconds:  3607
    ConfigMapName:           kube-root-ca.crt
    Optional:                false
    DownwardAPI:             true
QoS Class:                   BestEffort
Node-Selectors:              <none>
Tolerations:                 node.kubernetes.io/not-ready:NoExecute op=Exists for 300s
                             node.kubernetes.io/unreachable:NoExecute op=Exists for 300s
Events:
  Type     Reason     Age                From               Message
  ----     ------     ----               ----               -------
  Normal   Scheduled  39s                default-scheduler  Successfully assigned mlflow-test2/mlflow-test-7df7967bc9-hb5jc to k3s-01
  Normal   Pulling    39s                kubelet            spec.containers{mlflow}: Pulling image "burakince/mlflow:3.6.0"
  Normal   Pulled     12s                kubelet            spec.containers{mlflow}: Successfully pulled image "burakince/mlflow:3.6.0" in 26.953s (26.953s including waiting). Image size: 336322026 bytes.
  Normal   Created    10s (x2 over 12s)  kubelet            spec.containers{mlflow}: Container created
  Normal   Started    10s (x2 over 12s)  kubelet            spec.containers{mlflow}: Container started
  Normal   Pulled     10s                kubelet            spec.containers{mlflow}: Container image "burakince/mlflow:3.6.0" already present on machine and can be accessed by the pod
  Warning  Unhealthy  9s (x3 over 12s)   kubelet            spec.containers{mlflow}: Readiness probe failed: Get "http://10.42.0.5:5000/health": dial tcp 10.42.0.5:5000: connect: connection refused
  Warning  BackOff    7s (x2 over 8s)    kubelet            spec.containers{mlflow}: Back-off restarting failed container mlflow in pod mlflow-test-7df7967bc9-hb5jc_mlflow-test2(697ad143-66bf-4928-afcf-48b1fb84a913)
laborant@k3s-01:helm-charts-editor$ k logs -f mlflow-test-7df7967bc9-hb5jc
error: error from server (NotFound): pods "mlflow-test-7df7967bc9-hb5jc" not found in namespace "default"
laborant@k3s-01:helm-charts-editor$ k logs -f mlflow-test-7df7967bc9-hb5jc -n mlflow-test2
Usage: mlflow server [OPTIONS]
Try 'mlflow server --help' for help.

Error: Invalid value for '--port' / '-p': '"5000"' is not a valid integer.
laborant@k3s-01:helm-charts-editor$ 
laborant@k3s-01:helm-charts-editor$ helm ls
NAME    NAMESPACE       REVISION        UPDATED STATUS  CHART   APP VERSION
laborant@k3s-01:helm-charts-editor$ helm ls --all-namespaces
NAME            NAMESPACE       REVISION        UPDATED                                 STATUS          CHART           APP VERSION
mlflow-test     mlflow-test2    1               2026-03-15 20:08:00.814375482 +0000 UTC deployed        mlflow-1.8.0    3.6.0      
laborant@k3s-01:helm-charts-editor$ helm ls -A
NAME            NAMESPACE       REVISION        UPDATED                                 STATUS          CHART           APP VERSION
mlflow-test     mlflow-test2    1               2026-03-15 20:08:00.814375482 +0000 UTC deployed        mlflow-1.8.0    3.6.0      
laborant@k3s-01:helm-charts-editor$ helm uninstall mlflow-test 
Error: uninstall: Release not loaded: mlflow-test: release: not found
laborant@k3s-01:helm-charts-editor$ helm uninstall mlflow-test --namespace mlflow-test2
release "mlflow-test" uninstalled
laborant@k3s-01:helm-charts-editor$ k get pod -n mlflow-test2
No resources found in mlflow-test2 namespace.
laborant@k3s-01:helm-charts-editor$ 
laborant@k3s-01:helm-charts-editor$ helm template mlflow-test charts/mlflow --namespace mlflow-test2
---
# Source: mlflow/templates/serviceaccount.yaml
apiVersion: v1
kind: ServiceAccount
metadata:
  name: mlflow-test
  namespace: mlflow-test2
  labels:
    helm.sh/chart: mlflow-1.8.0
    app: mlflow
    app.kubernetes.io/name: mlflow
    app.kubernetes.io/instance: mlflow-test
    version: "3.6.0"
    app.kubernetes.io/version: "3.6.0"
    app.kubernetes.io/managed-by: Helm
---
# Source: mlflow/templates/configmap.yaml
apiVersion: v1
kind: ConfigMap
metadata:
  name: mlflow-test-env
  namespace: mlflow-test2
  labels:
    helm.sh/chart: mlflow-1.8.0
    app: mlflow
    app.kubernetes.io/name: mlflow
    app.kubernetes.io/instance: mlflow-test
    version: "3.6.0"
    app.kubernetes.io/version: "3.6.0"
    app.kubernetes.io/managed-by: Helm
data:
  MLFLOW_VERSION: "3.6.0"
---
# Source: mlflow/templates/pvc.yaml
apiVersion: v1
kind: PersistentVolumeClaim
metadata:
  name: mlflow-test-data-pvc
  labels:
    helm.sh/chart: mlflow-1.8.0
    app: mlflow
    app.kubernetes.io/name: mlflow
    app.kubernetes.io/instance: mlflow-test
    version: "3.6.0"
    app.kubernetes.io/version: "3.6.0"
    app.kubernetes.io/managed-by: Helm
spec:
  accessModes:
    - ReadWriteOnce
  resources:
    requests:
      storage: 10Gi
---
# Source: mlflow/templates/service.yaml
apiVersion: v1
kind: Service
metadata:
  name: mlflow-test
  namespace: mlflow-test2
  labels:
    helm.sh/chart: mlflow-1.8.0
    app: mlflow
    app.kubernetes.io/name: mlflow
    app.kubernetes.io/instance: mlflow-test
    version: "3.6.0"
    app.kubernetes.io/version: "3.6.0"
    app.kubernetes.io/managed-by: Helm
spec:
  type: ClusterIP
  selector:
    app: mlflow
    app.kubernetes.io/name: mlflow
    app.kubernetes.io/instance: mlflow-test
  ports:
    - name: http
      port: 5000
      protocol: TCP
      targetPort: http
---
# Source: mlflow/templates/deployment.yaml
apiVersion: apps/v1
kind: Deployment
metadata:
  name: mlflow-test
  namespace: mlflow-test2
  labels:
    helm.sh/chart: mlflow-1.8.0
    app: mlflow
    app.kubernetes.io/name: mlflow
    app.kubernetes.io/instance: mlflow-test
    version: "3.6.0"
    app.kubernetes.io/version: "3.6.0"
    app.kubernetes.io/managed-by: Helm
spec:
  replicas: 1
  strategy:
    type: RollingUpdate
    rollingUpdate:
      maxUnavailable: 0
      maxSurge: 100%
  selector:
    matchLabels:
      app: mlflow
      app.kubernetes.io/name: mlflow
      app.kubernetes.io/instance: mlflow-test
  template:
    metadata:
      labels:
        app: mlflow
        app.kubernetes.io/name: mlflow
        app.kubernetes.io/instance: mlflow-test
    spec:
      serviceAccountName: mlflow-test
      securityContext:
        fsGroup: 1001
        fsGroupChangePolicy: OnRootMismatch
      containers:
        - name: mlflow
          image: "burakince/mlflow:3.6.0"
          imagePullPolicy: IfNotPresent
          command:
            - mlflow
          args:
            - server
            - --host=0.0.0.0
            - --port=5000
            - --backend-store-uri=sqlite:////data/mlflow.db
            - --default-artifact-root=/data/mlruns
          ports:
            - name: http
              containerPort: 5000
              protocol: TCP
          livenessProbe:
            httpGet:
              path: /health
              port: http
          readinessProbe:
            httpGet:
              path: /health
              port: http
          securityContext:
            allowPrivilegeEscalation: false
            capabilities:
              drop:
              - ALL
            privileged: false
            readOnlyRootFilesystem: false
            runAsGroup: 1001
            runAsNonRoot: true
            runAsUser: 1001
          volumeMounts:
            - name: mlflow-data
              mountPath: /data
      volumes:
        - name: mlflow-data
          persistentVolumeClaim:
            claimName: mlflow-test-data-pvc
laborant@k3s-01:helm-charts-editor$ 
laborant@k3s-01:helm-charts-editor$ helm install mlflow-test charts/mlflow --namespace mlflow-test2
NAME: mlflow-test
LAST DEPLOYED: Sun Mar 15 20:11:08 2026
NAMESPACE: mlflow-test2
STATUS: deployed
REVISION: 1
TEST SUITE: None
laborant@k3s-01:helm-charts-editor$ k get pvc -n mlflow-test2
NAME                   STATUS   VOLUME                                     CAPACITY   ACCESS MODES   STORAGECLASS   VOLUMEATTRIBUTESCLASS   AGE
mlflow-test-data-pvc   Bound    pvc-994a3141-d7de-427f-8af6-9a55317b57d4   10Gi       RWO            local-path     <unset>                 4s
laborant@k3s-01:helm-charts-editor$ k get pv
NAME                                       CAPACITY   ACCESS MODES   RECLAIM POLICY   STATUS   CLAIM                               STORAGECLASS   VOLUMEATTRIBUTESCLASS   REASON   AGE
pvc-994a3141-d7de-427f-8af6-9a55317b57d4   10Gi       RWO            Delete           Bound    mlflow-test2/mlflow-test-data-pvc   local-path     <unset>                          5s
laborant@k3s-01:helm-charts-editor$ k get pod -n mlflow-test2
NAME                           READY   STATUS    RESTARTS   AGE
mlflow-test-57f5484d9c-zp9xl   0/1     Running   0          14s
laborant@k3s-01:helm-charts-editor$ k get pod -n mlflow-test2
NAME                           READY   STATUS    RESTARTS   AGE
mlflow-test-57f5484d9c-zp9xl   0/1     Running   0          16s
laborant@k3s-01:helm-charts-editor$ k describe pod -n mlflow-test2
Name:             mlflow-test-57f5484d9c-zp9xl
Namespace:        mlflow-test2
Priority:         0
Service Account:  mlflow-test
Node:             k3s-01/172.16.0.2
Start Time:       Sun, 15 Mar 2026 20:11:12 +0000
Labels:           app=mlflow
                  app.kubernetes.io/instance=mlflow-test
                  app.kubernetes.io/name=mlflow
                  pod-template-hash=57f5484d9c
Annotations:      <none>
Status:           Running
IP:               10.42.0.8
IPs:
  IP:           10.42.0.8
Controlled By:  ReplicaSet/mlflow-test-57f5484d9c
Containers:
  mlflow:
    Container ID:  containerd://fca2959331c067a45264eb86557dc17f63c78d33f2d818449a5e1763328b6cd5
    Image:         burakince/mlflow:3.6.0
    Image ID:      docker.io/burakince/mlflow@sha256:a5a63685d0297c4233fe713426466cc9ae6dda2ebc040b2b732f5f66cd0fde88
    Port:          5000/TCP (http)
    Host Port:     0/TCP (http)
    Command:
      mlflow
    Args:
      server
      --host=0.0.0.0
      --port=5000
      --backend-store-uri=sqlite:////data/mlflow.db
      --default-artifact-root=/data/mlruns
    State:          Running
      Started:      Sun, 15 Mar 2026 20:11:12 +0000
    Ready:          True
    Restart Count:  0
    Liveness:       http-get http://:http/health delay=0s timeout=1s period=10s #success=1 #failure=3
    Readiness:      http-get http://:http/health delay=0s timeout=1s period=10s #success=1 #failure=3
    Environment:    <none>
    Mounts:
      /data from mlflow-data (rw)
      /var/run/secrets/kubernetes.io/serviceaccount from kube-api-access-pmz28 (ro)
Conditions:
  Type                        Status
  PodReadyToStartContainers   True 
  Initialized                 True 
  Ready                       True 
  ContainersReady             True 
  PodScheduled                True 
Volumes:
  mlflow-data:
    Type:       PersistentVolumeClaim (a reference to a PersistentVolumeClaim in the same namespace)
    ClaimName:  mlflow-test-data-pvc
    ReadOnly:   false
  kube-api-access-pmz28:
    Type:                    Projected (a volume that contains injected data from multiple sources)
    TokenExpirationSeconds:  3607
    ConfigMapName:           kube-root-ca.crt
    Optional:                false
    DownwardAPI:             true
QoS Class:                   BestEffort
Node-Selectors:              <none>
Tolerations:                 node.kubernetes.io/not-ready:NoExecute op=Exists for 300s
                             node.kubernetes.io/unreachable:NoExecute op=Exists for 300s
Events:
  Type     Reason     Age                From               Message
  ----     ------     ----               ----               -------
  Normal   Scheduled  16s                default-scheduler  Successfully assigned mlflow-test2/mlflow-test-57f5484d9c-zp9xl to k3s-01
  Normal   Pulled     17s                kubelet            spec.containers{mlflow}: Container image "burakince/mlflow:3.6.0" already present on machine and can be accessed by the pod
  Normal   Created    17s                kubelet            spec.containers{mlflow}: Container created
  Normal   Started    17s                kubelet            spec.containers{mlflow}: Container started
  Warning  Unhealthy  15s (x2 over 16s)  kubelet            spec.containers{mlflow}: Readiness probe failed: Get "http://10.42.0.8:5000/health": dial tcp 10.42.0.8:5000: connect: connection refused
laborant@k3s-01:helm-charts-editor$ k logs -f mlflow-test-7df7967bc9-hb5jc ^C
laborant@k3s-01:helm-charts-editor$ k logs -f mlflow-test-57f5484d9c-zp9xl -n mlflow-test2
2026/03/15 20:11:14 INFO mlflow.store.db.utils: Creating initial MLflow database tables...
2026/03/15 20:11:14 INFO mlflow.store.db.utils: Updating database tables
2026-03-15 20:11:14 INFO  [alembic.runtime.migration] Context impl SQLiteImpl.
2026-03-15 20:11:14 INFO  [alembic.runtime.migration] Will assume non-transactional DDL.
2026-03-15 20:11:14 INFO  [alembic.runtime.migration] Running upgrade  -> 451aebb31d03, add metric step
2026-03-15 20:11:14 INFO  [alembic.runtime.migration] Running upgrade 451aebb31d03 -> 90e64c465722, migrate user column to tags
2026-03-15 20:11:14 INFO  [alembic.runtime.migration] Running upgrade 90e64c465722 -> 181f10493468, allow nulls for metric values
2026-03-15 20:11:14 INFO  [alembic.runtime.migration] Running upgrade 181f10493468 -> df50e92ffc5e, Add Experiment Tags Table
2026-03-15 20:11:14 INFO  [alembic.runtime.migration] Running upgrade df50e92ffc5e -> 7ac759974ad8, Update run tags with larger limit
2026-03-15 20:11:14 INFO  [alembic.runtime.migration] Running upgrade 7ac759974ad8 -> 89d4b8295536, create latest metrics table
2026-03-15 20:11:14 INFO  [89d4b8295536_create_latest_metrics_table_py] Migration complete!
2026-03-15 20:11:14 INFO  [alembic.runtime.migration] Running upgrade 89d4b8295536 -> 2b4d017a5e9b, add model registry tables to db
2026-03-15 20:11:14 INFO  [2b4d017a5e9b_add_model_registry_tables_to_db_py] Adding registered_models and model_versions tables to database.
2026-03-15 20:11:14 INFO  [2b4d017a5e9b_add_model_registry_tables_to_db_py] Migration complete!
2026-03-15 20:11:14 INFO  [alembic.runtime.migration] Running upgrade 2b4d017a5e9b -> cfd24bdc0731, Update run status constraint with killed
2026-03-15 20:11:14 INFO  [alembic.runtime.migration] Running upgrade cfd24bdc0731 -> 0a8213491aaa, drop_duplicate_killed_constraint
2026-03-15 20:11:14 INFO  [alembic.runtime.migration] Running upgrade 0a8213491aaa -> 728d730b5ebd, add registered model tags table
2026-03-15 20:11:14 INFO  [alembic.runtime.migration] Running upgrade 728d730b5ebd -> 27a6a02d2cf1, add model version tags table
2026-03-15 20:11:14 INFO  [alembic.runtime.migration] Running upgrade 27a6a02d2cf1 -> 84291f40a231, add run_link to model_version
2026-03-15 20:11:14 INFO  [alembic.runtime.migration] Running upgrade 84291f40a231 -> a8c4a736bde6, allow nulls for run_id
2026-03-15 20:11:14 INFO  [alembic.runtime.migration] Running upgrade a8c4a736bde6 -> 39d1c3be5f05, add_is_nan_constraint_for_metrics_tables_if_necessary
2026-03-15 20:11:14 INFO  [alembic.runtime.migration] Running upgrade 39d1c3be5f05 -> c48cb773bb87, reset_default_value_for_is_nan_in_metrics_table_for_mysql
2026-03-15 20:11:14 INFO  [alembic.runtime.migration] Running upgrade c48cb773bb87 -> bd07f7e963c5, create index on run_uuid
2026-03-15 20:11:14 INFO  [alembic.runtime.migration] Running upgrade bd07f7e963c5 -> 0c779009ac13, add deleted_time field to runs table
2026-03-15 20:11:14 INFO  [alembic.runtime.migration] Running upgrade 0c779009ac13 -> cc1f77228345, change param value length to 500
2026-03-15 20:11:14 INFO  [alembic.runtime.migration] Running upgrade cc1f77228345 -> 97727af70f4d, Add creation_time and last_update_time to experiments table
2026-03-15 20:11:14 INFO  [alembic.runtime.migration] Running upgrade 97727af70f4d -> 3500859a5d39, Add Model Aliases table
2026-03-15 20:11:14 INFO  [alembic.runtime.migration] Running upgrade 3500859a5d39 -> 7f2a7d5fae7d, add datasets inputs input_tags tables
2026-03-15 20:11:14 INFO  [alembic.runtime.migration] Running upgrade 7f2a7d5fae7d -> 2d6e25af4d3e, increase max param val length from 500 to 8000
2026-03-15 20:11:14 INFO  [alembic.runtime.migration] Running upgrade 2d6e25af4d3e -> acf3f17fdcc7, add storage location field to model versions
2026-03-15 20:11:14 INFO  [alembic.runtime.migration] Running upgrade acf3f17fdcc7 -> 867495a8f9d4, add trace tables
2026-03-15 20:11:14 INFO  [alembic.runtime.migration] Running upgrade 867495a8f9d4 -> 5b0e9adcef9c, add cascade deletion to trace tables foreign keys
2026-03-15 20:11:14 INFO  [alembic.runtime.migration] Running upgrade 5b0e9adcef9c -> 4465047574b1, increase max dataset schema size
2026-03-15 20:11:14 INFO  [alembic.runtime.migration] Running upgrade 4465047574b1 -> f5a4f2784254, increase run tag value limit to 8000
2026-03-15 20:11:14 INFO  [alembic.runtime.migration] Running upgrade f5a4f2784254 -> 0584bdc529eb, add cascading deletion to datasets from experiments
2026-03-15 20:11:14 INFO  [alembic.runtime.migration] Running upgrade 0584bdc529eb -> 400f98739977, add logged model tables
2026-03-15 20:11:14 INFO  [alembic.runtime.migration] Running upgrade 400f98739977 -> 6953534de441, add step to inputs table
2026-03-15 20:11:14 INFO  [alembic.runtime.migration] Running upgrade 6953534de441 -> bda7b8c39065, increase_model_version_tag_value_limit
2026-03-15 20:11:14 INFO  [alembic.runtime.migration] Running upgrade bda7b8c39065 -> cbc13b556ace, add V3 trace schema columns
2026-03-15 20:11:14 INFO  [alembic.runtime.migration] Running upgrade cbc13b556ace -> 770bee3ae1dd, add assessments table
2026-03-15 20:11:14 INFO  [alembic.runtime.migration] Running upgrade 770bee3ae1dd -> a1b2c3d4e5f6, add spans table
2026-03-15 20:11:14 INFO  [alembic.runtime.migration] Running upgrade a1b2c3d4e5f6 -> de4033877273, create entity_associations table
2026-03-15 20:11:14 INFO  [alembic.runtime.migration] Running upgrade de4033877273 -> 1a0cddfcaa16, Add webhooks and webhook_events tables
2026-03-15 20:11:14 INFO  [alembic.runtime.migration] Running upgrade 1a0cddfcaa16 -> 534353b11cbc, add scorer tables
2026-03-15 20:11:14 INFO  [alembic.runtime.migration] Running upgrade 534353b11cbc -> 71994744cf8e, add evaluation datasets
2026-03-15 20:11:14 INFO  [alembic.runtime.migration] Running upgrade 71994744cf8e -> 3da73c924c2f, add outputs to dataset record
2026-03-15 20:11:14 INFO  [alembic.runtime.migration] Running upgrade 3da73c924c2f -> bf29a5ff90ea, add jobs table
2026-03-15 20:11:14 INFO  [alembic.runtime.migration] Context impl SQLiteImpl.
2026-03-15 20:11:14 INFO  [alembic.runtime.migration] Will assume non-transactional DDL.
2026/03/15 20:11:14 INFO mlflow.store.db.utils: Creating initial MLflow database tables...
2026/03/15 20:11:14 INFO mlflow.store.db.utils: Updating database tables
2026-03-15 20:11:14 INFO  [alembic.runtime.migration] Context impl SQLiteImpl.
2026-03-15 20:11:14 INFO  [alembic.runtime.migration] Will assume non-transactional DDL.
[MLflow] Security middleware enabled with default settings (localhost-only). To allow connections from other hosts, use --host 0.0.0.0 and configure --allowed-hosts and --cors-allowed-origins.
INFO:     Uvicorn running on http://0.0.0.0:5000 (Press CTRL+C to quit)
INFO:     Started parent process [12]
INFO:     Started server process [16]
INFO:     Waiting for application startup.
INFO:     Application startup complete.
INFO:     Started server process [15]
INFO:     Waiting for application startup.
INFO:     Application startup complete.
INFO:     Started server process [17]
INFO:     Waiting for application startup.
INFO:     Application startup complete.
INFO:     Started server process [14]
INFO:     Waiting for application startup.
INFO:     Application startup complete.
INFO:     10.42.0.1:34010 - "GET /health HTTP/1.1" 200 OK
INFO:     10.42.0.1:34016 - "GET /health HTTP/1.1" 200 OK
INFO:     10.42.0.1:53746 - "GET /health HTTP/1.1" 200 OK
INFO:     10.42.0.1:53762 - "GET /health HTTP/1.1" 200 OK
INFO:     10.42.0.1:51674 - "GET /health HTTP/1.1" 200 OK
INFO:     10.42.0.1:51682 - "GET /health HTTP/1.1" 200 OK
INFO:     10.42.0.1:35140 - "GET /health HTTP/1.1" 200 OK
INFO:     10.42.0.1:35156 - "GET /health HTTP/1.1" 200 OK
INFO:     10.42.0.1:40558 - "GET /health HTTP/1.1" 200 OK
INFO:     10.42.0.1:40562 - "GET /health HTTP/1.1" 200 OK
laborant@k3s-01:helm-charts-editor$ k get pod -n mlflow-test2
NAME                           READY   STATUS    RESTARTS   AGE
mlflow-test-57f5484d9c-zp9xl   1/1     Running   0          63s
laborant@k3s-01:helm-charts-editor$ k get pvc -n mlflow-test2
NAME                   STATUS   VOLUME                                     CAPACITY   ACCESS MODES   STORAGECLASS   VOLUMEATTRIBUTESCLASS   AGE
mlflow-test-data-pvc   Bound    pvc-994a3141-d7de-427f-8af6-9a55317b57d4   10Gi       RWO            local-path     <unset>                 69s
laborant@k3s-01:helm-charts-editor$ k get pvc 
No resources found in default namespace.
laborant@k3s-01:helm-charts-editor$ k get pvc -A
NAMESPACE      NAME                   STATUS   VOLUME                                     CAPACITY   ACCESS MODES   STORAGECLASS   VOLUMEATTRIBUTESCLASS   AGE
mlflow-test2   mlflow-test-data-pvc   Bound    pvc-994a3141-d7de-427f-8af6-9a55317b57d4   10Gi       RWO            local-path     <unset>                 88s
laborant@k3s-01:helm-charts-editor$ 

laborant@k3s-01:~$ k get pod -n prod-space
NAME                                 READY   STATUS    RESTARTS   AGE
prod-check-mlflow-7b9db88bb7-rm2hs   0/1     Pending   0          10s
laborant@k3s-01:~$ k get pvc -n prod-space
NAME                         STATUS    VOLUME   CAPACITY   ACCESS MODES   STORAGECLASS   VOLUMEATTRIBUTESCLASS   AGE
prod-check-mlflow-data-pvc   Pending                                      local-path     <unset>                 15s
laborant@k3s-01:~$ 

laborant@k3s-01:~$ k get pod -n prod-space
NAME                                 READY   STATUS    RESTARTS   AGE
prod-check-mlflow-7b9db88bb7-rm2hs   0/1     Pending   0          51s
laborant@k3s-01:~$ k describe pod -n prod-space
Name:             prod-check-mlflow-7b9db88bb7-rm2hs
Namespace:        prod-space
Priority:         0
Service Account:  prod-check-mlflow
Node:             <none>
Labels:           app=mlflow
                  app.kubernetes.io/instance=prod-check
                  app.kubernetes.io/name=mlflow
                  pod-template-hash=7b9db88bb7
Annotations:      <none>
Status:           Pending
IP:               
IPs:              <none>
Controlled By:    ReplicaSet/prod-check-mlflow-7b9db88bb7
Containers:
  mlflow:
    Image:      burakince/mlflow:3.6.0
    Port:       5000/TCP (http)
    Host Port:  0/TCP (http)
    Command:
      mlflow
    Args:
      server
      --host=0.0.0.0
      --port=5000
      --backend-store-uri=sqlite:////data/mlflow.db
      --default-artifact-root=/data/mlruns
    Liveness:     http-get http://:http/health delay=0s timeout=1s period=10s #success=1 #failure=3
    Readiness:    http-get http://:http/health delay=0s timeout=1s period=10s #success=1 #failure=3
    Environment:  <none>
    Mounts:
      /data from mlflow-data (rw)
      /var/run/secrets/kubernetes.io/serviceaccount from kube-api-access-frz7r (ro)
Conditions:
  Type           Status
  PodScheduled   False 
Volumes:
  mlflow-data:
    Type:       PersistentVolumeClaim (a reference to a PersistentVolumeClaim in the same namespace)
    ClaimName:  prod-check-data-pvc
    ReadOnly:   false
  kube-api-access-frz7r:
    Type:                    Projected (a volume that contains injected data from multiple sources)
    TokenExpirationSeconds:  3607
    ConfigMapName:           kube-root-ca.crt
    Optional:                false
    DownwardAPI:             true
QoS Class:                   BestEffort
Node-Selectors:              <none>
Tolerations:                 node.kubernetes.io/not-ready:NoExecute op=Exists for 300s
                             node.kubernetes.io/unreachable:NoExecute op=Exists for 300s
Events:
  Type     Reason            Age   From               Message
  ----     ------            ----  ----               -------
  Warning  FailedScheduling  55s   default-scheduler  0/1 nodes are available: persistentvolumeclaim "prod-check-data-pvc" not found. not found
laborant@k3s-01:~$ 

laborant@k3s-01:helm-charts-editor$ helm template prod-check charts/mlflow --namespace prod-space
---
# Source: mlflow/templates/serviceaccount.yaml
apiVersion: v1
kind: ServiceAccount
metadata:
  name: prod-check-mlflow
  namespace: prod-space
  labels:
    helm.sh/chart: mlflow-1.8.0
    app: mlflow
    app.kubernetes.io/name: mlflow
    app.kubernetes.io/instance: prod-check
    version: "3.6.0"
    app.kubernetes.io/version: "3.6.0"
    app.kubernetes.io/managed-by: Helm
---
# Source: mlflow/templates/configmap.yaml
apiVersion: v1
kind: ConfigMap
metadata:
  name: prod-check-mlflow-env
  namespace: prod-space
  labels:
    helm.sh/chart: mlflow-1.8.0
    app: mlflow
    app.kubernetes.io/name: mlflow
    app.kubernetes.io/instance: prod-check
    version: "3.6.0"
    app.kubernetes.io/version: "3.6.0"
    app.kubernetes.io/managed-by: Helm
data:
  MLFLOW_VERSION: "3.6.0"
---
# Source: mlflow/templates/pvc.yaml
apiVersion: v1
kind: PersistentVolumeClaim
metadata:
  name: prod-check-mlflow-data-pvc
  labels:
    helm.sh/chart: mlflow-1.8.0
    app: mlflow
    app.kubernetes.io/name: mlflow
    app.kubernetes.io/instance: prod-check
    version: "3.6.0"
    app.kubernetes.io/version: "3.6.0"
    app.kubernetes.io/managed-by: Helm
spec:
  accessModes:
    - ReadWriteOnce
  resources:
    requests:
      storage: 10Gi
---
# Source: mlflow/templates/service.yaml
apiVersion: v1
kind: Service
metadata:
  name: prod-check-mlflow
  namespace: prod-space
  labels:
    helm.sh/chart: mlflow-1.8.0
    app: mlflow
    app.kubernetes.io/name: mlflow
    app.kubernetes.io/instance: prod-check
    version: "3.6.0"
    app.kubernetes.io/version: "3.6.0"
    app.kubernetes.io/managed-by: Helm
spec:
  type: ClusterIP
  selector:
    app: mlflow
    app.kubernetes.io/name: mlflow
    app.kubernetes.io/instance: prod-check
  ports:
    - name: http
      port: 5000
      protocol: TCP
      targetPort: http
---
# Source: mlflow/templates/deployment.yaml
apiVersion: apps/v1
kind: Deployment
metadata:
  name: prod-check-mlflow
  namespace: prod-space
  labels:
    helm.sh/chart: mlflow-1.8.0
    app: mlflow
    app.kubernetes.io/name: mlflow
    app.kubernetes.io/instance: prod-check
    version: "3.6.0"
    app.kubernetes.io/version: "3.6.0"
    app.kubernetes.io/managed-by: Helm
spec:
  replicas: 1
  strategy:
    type: RollingUpdate
    rollingUpdate:
      maxUnavailable: 0
      maxSurge: 100%
  selector:
    matchLabels:
      app: mlflow
      app.kubernetes.io/name: mlflow
      app.kubernetes.io/instance: prod-check
  template:
    metadata:
      labels:
        app: mlflow
        app.kubernetes.io/name: mlflow
        app.kubernetes.io/instance: prod-check
    spec:
      serviceAccountName: prod-check-mlflow
      securityContext:
        fsGroup: 1001
        fsGroupChangePolicy: OnRootMismatch
      containers:
        - name: mlflow
          image: "burakince/mlflow:3.6.0"
          imagePullPolicy: IfNotPresent
          command:
            - mlflow
          args:
            - server
            - --host=0.0.0.0
            - --port=5000
            - --backend-store-uri=sqlite:////data/mlflow.db
            - --default-artifact-root=/data/mlruns
          ports:
            - name: http
              containerPort: 5000
              protocol: TCP
          livenessProbe:
            httpGet:
              path: /health
              port: http
          readinessProbe:
            httpGet:
              path: /health
              port: http
          securityContext:
            allowPrivilegeEscalation: false
            capabilities:
              drop:
              - ALL
            privileged: false
            readOnlyRootFilesystem: false
            runAsGroup: 1001
            runAsNonRoot: true
            runAsUser: 1001
          volumeMounts:
            - name: mlflow-data
              mountPath: /data
      volumes:
        - name: mlflow-data
          persistentVolumeClaim:
            claimName: prod-check-data-pvc
laborant@k3s-01:helm-charts-editor$ helm install --wait --timeout 10m prod-check charts/mlflow --namespace prod-space
Error: INSTALLATION FAILED: create: failed to create: namespaces "prod-space" not found
laborant@k3s-01:helm-charts-editor$ k create ns prod-space
namespace/prod-space created
laborant@k3s-01:helm-charts-editor$ helm install --wait --timeout 10m prod-check charts/mlflow --namespace prod-space

laborant@k3s-01:~$ ps aux
USER         PID %CPU %MEM    VSZ   RSS TTY      STAT START   TIME COMMAND
root           1  0.0  0.1  21244 12640 ?        Ss   19:56   0:01 /sbin/init
root           2  0.0  0.0      0     0 ?        S    19:56   0:00 [kthreadd]
root           3  0.0  0.0      0     0 ?        I<   19:56   0:00 [rcu_gp]
root           4  0.0  0.0      0     0 ?        I<   19:56   0:00 [rcu_par_gp]
root           5  0.0  0.0      0     0 ?        I<   19:56   0:00 [slub_flushwq]
root           6  0.0  0.0      0     0 ?        I<   19:56   0:00 [netns]
root           8  0.0  0.0      0     0 ?        I<   19:56   0:00 [kworker/0:0H-kblockd]
root          10  0.0  0.0      0     0 ?        I<   19:56   0:00 [mm_percpu_wq]
root          11  0.0  0.0      0     0 ?        I    19:56   0:00 [rcu_tasks_kthread]
root          12  0.0  0.0      0     0 ?        I    19:56   0:00 [rcu_tasks_rude_kthread]
root          13  0.0  0.0      0     0 ?        I    19:56   0:00 [rcu_tasks_trace_kthread]
root          14  0.0  0.0      0     0 ?        S    19:56   0:00 [ksoftirqd/0]
root          15  0.0  0.0      0     0 ?        I    19:56   0:00 [rcu_preempt]
root          16  0.0  0.0      0     0 ?        S    19:56   0:00 [migration/0]
root          18  0.0  0.0      0     0 ?        S    19:56   0:00 [cpuhp/0]
root          19  0.0  0.0      0     0 ?        S    19:56   0:00 [cpuhp/1]
root          20  0.0  0.0      0     0 ?        S    19:56   0:00 [migration/1]
root          21  0.0  0.0      0     0 ?        S    19:56   0:00 [ksoftirqd/1]
root          23  0.0  0.0      0     0 ?        I<   19:56   0:00 [kworker/1:0H-kblockd]
root          24  0.0  0.0      0     0 ?        S    19:56   0:00 [cpuhp/2]
root          25  0.0  0.0      0     0 ?        S    19:56   0:00 [migration/2]
root          26  0.0  0.0      0     0 ?        S    19:56   0:00 [ksoftirqd/2]
root          27  0.0  0.0      0     0 ?        I    19:56   0:00 [kworker/2:0-virtio_vsock]
root          28  0.0  0.0      0     0 ?        I<   19:56   0:00 [kworker/2:0H-events_highpri]
root          29  0.0  0.0      0     0 ?        S    19:56   0:00 [cpuhp/3]
root          30  0.0  0.0      0     0 ?        S    19:56   0:00 [migration/3]
root          31  0.0  0.0      0     0 ?        S    19:56   0:00 [ksoftirqd/3]
root          32  0.0  0.0      0     0 ?        I    19:56   0:00 [kworker/3:0-virtio_vsock]
root          33  0.0  0.0      0     0 ?        I<   19:56   0:00 [kworker/3:0H-events_highpri]
root          38  0.0  0.0      0     0 ?        S    19:56   0:00 [kdevtmpfs]
root          39  0.0  0.0      0     0 ?        I<   19:56   0:00 [inet_frag_wq]
root          40  0.0  0.0      0     0 ?        S    19:56   0:00 [kauditd]
root          41  0.0  0.0      0     0 ?        S    19:56   0:00 [khungtaskd]
root          42  0.0  0.0      0     0 ?        S    19:56   0:00 [oom_reaper]
root          43  0.0  0.0      0     0 ?        I<   19:56   0:00 [writeback]
root          44  0.0  0.0      0     0 ?        S    19:56   0:00 [kcompactd0]
root          45  0.0  0.0      0     0 ?        SN   19:56   0:00 [ksmd]
root          47  0.0  0.0      0     0 ?        SN   19:56   0:00 [khugepaged]
root          48  0.0  0.0      0     0 ?        I<   19:56   0:00 [kintegrityd]
root          49  0.0  0.0      0     0 ?        I<   19:56   0:00 [kblockd]
root          50  0.0  0.0      0     0 ?        I<   19:56   0:00 [blkcg_punt_bio]
root          51  0.0  0.0      0     0 ?        I    19:56   0:00 [kworker/1:1-events]
root          52  0.0  0.0      0     0 ?        I<   19:56   0:00 [md]
root          53  0.0  0.0      0     0 ?        S    19:56   0:00 [watchdogd]
root          54  0.0  0.0      0     0 ?        I    19:56   0:00 [kworker/3:1-events]
root          55  0.0  0.0      0     0 ?        I<   19:56   0:00 [rpciod]
root          56  0.0  0.0      0     0 ?        I<   19:56   0:00 [xprtiod]
root          57  0.0  0.0      0     0 ?        I<   19:56   0:00 [kworker/2:1H-kblockd]
root          92  0.0  0.0      0     0 ?        S    19:56   0:00 [kswapd0]
root          95  0.0  0.0      0     0 ?        I<   19:56   0:00 [nfsiod]
root          96  0.0  0.0      0     0 ?        I<   19:56   0:00 [xfsalloc]
root          97  0.0  0.0      0     0 ?        I<   19:56   0:00 [xfs_mru_cache]
root          99  0.0  0.0      0     0 ?        I<   19:56   0:00 [kthrotld]
root         104  0.0  0.0      0     0 ?        S    19:56   0:00 [irq/24-ACPI:Ged]
root         109  0.0  0.0      0     0 ?        I<   19:56   0:00 [acpi_thermal_pm]
root         147  0.0  0.0      0     0 ?        S    19:56   0:00 [hwrng]
root         168  0.0  0.0      0     0 ?        I<   19:56   0:00 [kworker/1:1H-kblockd]
root         179  0.0  0.0      0     0 ?        I<   19:56   0:00 [iscsi_conn_clea]
root         182  0.0  0.0      0     0 ?        I<   19:56   0:00 [bond0]
root         234  0.0  0.0      0     0 ?        I<   19:56   0:00 [raid5wq]
root         244  0.0  0.0      0     0 ?        I<   19:56   0:00 [kworker/3:1H-kblockd]
root         245  0.0  0.0      0     0 ?        I<   19:56   0:00 [mld]
root         246  0.0  0.0      0     0 ?        I<   19:56   0:00 [ipv6_addrconf]
root         257  0.0  0.0    996     4 ?        S    19:56   0:00 bpfilter_umh
root         258  0.0  0.0      0     0 ?        I<   19:56   0:00 [kstrp]
root         270  0.0  0.0      0     0 ?        I<   19:56   0:00 [zswap-shrink]
root         271  0.0  0.0      0     0 ?        I<   19:56   0:00 [kworker/u9:0]
root         352  0.0  0.0      0     0 ?        S    19:56   0:00 [jbd2/vda-8]
root         353  0.0  0.0      0     0 ?        I<   19:56   0:00 [ext4-rsv-conver]
root         357  0.0  0.0      0     0 ?        I<   19:56   0:00 [kworker/0:1H-kblockd]
root         376  0.0  0.2  50676 17036 ?        S<s  19:56   0:00 /usr/lib/systemd/systemd-journald
root         423  0.0  0.0      0     0 ?        I    19:56   0:00 [kworker/0:2-events]
root         842  0.0  0.0  23972  6120 ?        Ss   19:56   0:00 /usr/lib/systemd/systemd-udevd
systemd+     849  0.0  0.1  21592 12944 ?        Ss   19:56   0:00 /usr/lib/systemd/systemd-resolved
systemd+     850  0.0  0.0  91028  6444 ?        Ssl  19:56   0:00 /usr/lib/systemd/systemd-timesyncd
root         872  0.0  0.0      0     0 ?        I<   19:56   0:00 [cryptd]
message+     908  0.0  0.0   9672  5232 ?        Ss   19:56   0:00 @dbus-daemon --system --address=systemd: --nofork --nopidfile --systemd-activat
root         910  0.0  1.4 1313524 119676 ?      Ssl  19:56   0:00 /usr/local/bin/examiner
root         915  0.0  0.1  18032  8800 ?        Ss   19:56   0:00 /usr/lib/systemd/systemd-logind
root         920  2.5  5.8 1707676 476684 ?      Ssl  19:56   0:36 /usr/local/bin/k3s server
root         924  0.0  0.0   3116  1072 tty1     Ss+  19:56   0:00 /sbin/agetty -o -p -- \u --noclear - linux
root         925  0.0  0.0   3160  1072 ttyS0    Ss+  19:56   0:00 /sbin/agetty -o -p -- \u --keep-baud 115200,57600,38400,9600 - vt220
root         956  0.0  0.0  12024  8072 ?        Ss   19:56   0:00 sshd: /usr/sbin/sshd -D [listener] 0 of 10-100 startups
root        1035  0.0  0.0      0     0 ?        I    19:56   0:00 [kworker/u8:4-events_unbound]
root        1049  0.9  1.9 1434420 162020 ?      Sl   19:56   0:12 containerd 
root        1467  0.0  0.1 1241596 14976 ?       Sl   19:57   0:00 /var/lib/rancher/k3s/data/a51e797648fdc7b587765279f09f23455dd719344d4a4e5d033f7
65535       1517  0.0  0.0    972     4 ?        Ss   19:57   0:00 /pause
root        1527  0.0  0.1 1241340 14128 ?       Sl   19:57   0:00 /var/lib/rancher/k3s/data/a51e797648fdc7b587765279f09f23455dd719344d4a4e5d033f7
65535       1551  0.0  0.0    972     4 ?        Ss   19:57   0:00 /pause
root        1661  0.0  0.4 1278768 38948 ?       Ssl  19:57   0:00 local-path-provisioner start --config /etc/config/config.json
65532       1698  0.1  0.7 1302568 61284 ?       Ssl  19:57   0:01 /coredns -conf /etc/coredns/Corefile
laborant    1829  0.0  0.7 1115976 62448 ?       Ssl  19:57   0:00 /usr/lib/code-server/lib/node /usr/lib/code-server --bind-addr=127.0.0.1:50062 
root        1830  0.0  0.0 164736  6472 ?        Ssl  19:57   0:00 /lib/systemd/systemd-socket-proxyd 127.0.0.1:50062
laborant    1849  0.2  1.8 11832220 149600 ?     Sl   19:57   0:03 /usr/lib/code-server/lib/node /usr/lib/code-server/out/node/entry
laborant    2231  0.8  2.2 33458576 181412 ?     Sl   19:58   0:10 /usr/lib/code-server/lib/node --dns-result-order=ipv4first /usr/lib/code-server
laborant    2249  0.0  0.7 1261432 59636 ?       Sl   19:58   0:00 /usr/lib/code-server/lib/node /usr/lib/code-server/lib/vscode/out/bootstrap-for
laborant    3010  0.0  0.4 5467632 33596 ?       Ssl  20:01   0:00 /usr/local/bin/kexp --host 0.0.0.0 --port 55173
root        3011  0.0  0.0  91004  6460 ?        Ssl  20:01   0:00 /lib/systemd/systemd-socket-proxyd 127.0.0.1:55173
laborant    3778  0.0  1.0 1194368 87792 ?       Sl   20:03   0:00 /usr/lib/code-server/lib/node /home/laborant/.local/share/code-server/extension
laborant    3937  0.0  0.7 1016900 61244 ?       Sl   20:03   0:00 /usr/lib/code-server/lib/node /usr/lib/code-server/lib/vscode/extensions/json-l
root        4436  0.0  0.0      0     0 ?        I    20:06   0:00 [kworker/u8:0-writeback]
laborant    4502  0.0  0.1  20140 11300 ?        Ss   20:06   0:00 /usr/lib/systemd/systemd --user
laborant    4503  0.0  0.0  21152  1724 ?        S    20:06   0:00 (sd-pam)
root        5806  0.0  0.0      0     0 ?        I    20:08   0:00 [kworker/u8:1-events_unbound]
root        5864  0.0  0.0      0     0 ?        I    20:08   0:00 [kworker/1:3-virtio_vsock]
root        6141  0.0  0.0      0     0 ?        I    20:09   0:00 [kworker/2:2-events_power_efficient]
root        6397  0.0  0.0      0     0 ?        I    20:10   0:00 [kworker/0:3-virtio_vsock]
root        7872  0.0  0.1 1241404 15364 ?       Sl   20:11   0:00 /var/lib/rancher/k3s/data/a51e797648fdc7b587765279f09f23455dd719344d4a4e5d033f7
65535       7895  0.0  0.0    972     4 ?        Ss   20:11   0:00 /pause
laborant    7921  0.2  2.6 580344 218368 ?       Ssl  20:11   0:01 /opt/venv/bin/python /opt/venv/bin/mlflow server --host=0.0.0.0 --port=5000 --b
laborant    7977  0.1  0.3  38800 30120 ?        S    20:11   0:00 /opt/venv/bin/python -m uvicorn --host 0.0.0.0 --port 5000 --workers 4 mlflow.s
laborant    7978  0.0  0.2  20572 17316 ?        S    20:11   0:00 /opt/venv/bin/python -c from multiprocessing.resource_tracker import main;main(
laborant    7979  0.3  2.1 681064 176644 ?       Sl   20:11   0:01 /opt/venv/bin/python -c from multiprocessing.spawn import spawn_main; spawn_mai
laborant    7980  0.3  2.1 681064 176616 ?       Sl   20:11   0:01 /opt/venv/bin/python -c from multiprocessing.spawn import spawn_main; spawn_mai
laborant    7981  0.3  2.1 681068 176268 ?       Sl   20:11   0:01 /opt/venv/bin/python -c from multiprocessing.spawn import spawn_main; spawn_mai
laborant    7982  0.3  2.1 681052 177116 ?       Sl   20:11   0:01 /opt/venv/bin/python -c from multiprocessing.spawn import spawn_main; spawn_mai
root        9401  0.0  0.0      0     0 ?        I    20:16   0:00 [kworker/3:2-events]
root        9432  0.0  0.0      0     0 ?        I    20:16   0:00 [kworker/2:1-cgroup_free]
root        9433  0.0  0.0      0     0 ?        I    20:16   0:00 [kworker/1:0-virtio_vsock]
root        9448  0.0  0.1  14780 10176 ?        Ss   20:16   0:00 sshd: laborant [priv]
laborant    9452  0.0  0.0  14940  6268 ?        S    20:16   0:00 sshd: laborant@pts/1
laborant    9453  0.0  0.1  10180  9528 pts/1    Ss+  20:16   0:00 -bash
root       10309  0.0  0.0      0     0 ?        I    20:20   0:00 [kworker/u8:2]
root       10310  0.0  0.0      0     0 ?        I    20:20   0:00 [kworker/0:0]
root       10311  0.0  0.1  14780 10256 ?        Ss   20:20   0:00 sshd: laborant [priv]
laborant   10315  0.0  0.0  14944  6352 ?        S    20:20   0:00 sshd: laborant@pts/0
laborant   10316  0.8  0.1  10176  9524 pts/0    Ss   20:20   0:00 -bash
laborant   10357  0.0  0.0   9580  5108 pts/0    R+   20:20   0:00 ps aux
laborant@k3s-01:~$ ps aux | rg helm
laborant   10383  0.0  0.0   8604  1860 pts/0    D+   20:20   0:00 rg helm
laborant@k3s-01:~$ 

laborant@k3s-01:~$ k describe pod -n prod-space
Name:             prod-check-mlflow-7b9db88bb7-rm2hs
Namespace:        prod-space
Priority:         0
Service Account:  prod-check-mlflow
Node:             <none>
Labels:           app=mlflow
                  app.kubernetes.io/instance=prod-check
                  app.kubernetes.io/name=mlflow
                  pod-template-hash=7b9db88bb7
Annotations:      <none>
Status:           Pending
IP:               
IPs:              <none>
Controlled By:    ReplicaSet/prod-check-mlflow-7b9db88bb7
Containers:
  mlflow:
    Image:      burakince/mlflow:3.6.0
    Port:       5000/TCP (http)
    Host Port:  0/TCP (http)
    Command:
      mlflow
    Args:
      server
      --host=0.0.0.0
      --port=5000
      --backend-store-uri=sqlite:////data/mlflow.db
      --default-artifact-root=/data/mlruns
    Liveness:     http-get http://:http/health delay=0s timeout=1s period=10s #success=1 #failure=3
    Readiness:    http-get http://:http/health delay=0s timeout=1s period=10s #success=1 #failure=3
    Environment:  <none>
    Mounts:
      /data from mlflow-data (rw)
      /var/run/secrets/kubernetes.io/serviceaccount from kube-api-access-frz7r (ro)
Conditions:
  Type           Status
  PodScheduled   False 
Volumes:
  mlflow-data:
    Type:       PersistentVolumeClaim (a reference to a PersistentVolumeClaim in the same namespace)
    ClaimName:  prod-check-data-pvc
    ReadOnly:   false
  kube-api-access-frz7r:
    Type:                    Projected (a volume that contains injected data from multiple sources)
    TokenExpirationSeconds:  3607
    ConfigMapName:           kube-root-ca.crt
    Optional:                false
    DownwardAPI:             true
QoS Class:                   BestEffort
Node-Selectors:              <none>
Tolerations:                 node.kubernetes.io/not-ready:NoExecute op=Exists for 300s
                             node.kubernetes.io/unreachable:NoExecute op=Exists for 300s
Events:
  Type     Reason            Age   From               Message
  ----     ------            ----  ----               -------
  Warning  FailedScheduling  4m2s  default-scheduler  0/1 nodes are available: persistentvolumeclaim "prod-check-data-pvc" not found. not found
laborant@k3s-01:~$ 

laborant@k3s-01:~$ helm uninstall prod-check --namespace prod-space
release "prod-check" uninstalled
laborant@k3s-01:~$ helm install --wait --timeout 1m prod-check charts/mlflow --namespace prod-space
Error: INSTALLATION FAILED: repo charts not found
laborant@k3s-01:~$ cd task_5b044399/environment/
laborant@k3s-01:environment$ helm install --wait --timeout 1m prod-check charts/mlflow --namespace prod-space
Error: INSTALLATION FAILED: repo charts not found
laborant@k3s-01:environment$ cd helm-charts-editor/
laborant@k3s-01:helm-charts-editor$ helm install --wait --timeout 1m prod-check charts/mlflow --namespace prod-space
Error: INSTALLATION FAILED: context deadline exceeded
laborant@k3s-01:helm-charts-editor$ 
laborant@k3s-01:helm-charts-editor$ echo $?
1
laborant@k3s-01:helm-charts-editor$ 

laborant@k3s-01:helm-charts-editor$ cd ..
laborant@k3s-01:environment$ cd ..
laborant@k3s-01:task_5b044399$ helm ls -A
NAME            NAMESPACE       REVISION        UPDATED                                 STATUS          CHART           APP VERSION
mlflow-test     mlflow-test2    1               2026-03-15 20:11:08.459153383 +0000 UTC deployed        mlflow-1.8.0    3.6.0      
prod-check      prod-space      1               2026-03-15 20:21:44.805297374 +0000 UTC failed          mlflow-1.8.0    3.6.0      
laborant@k3s-01:task_5b044399$ helm uninstall --help

This command takes a release name and uninstalls the release.

It removes all of the resources associated with the last release of the chart
as well as the release history, freeing it up for future use.

Use the '--dry-run' flag to see which releases will be uninstalled without actually
uninstalling them.

Usage:
  helm uninstall RELEASE_NAME [...] [flags]

Aliases:
  uninstall, del, delete, un

Flags:
      --cascade string       Must be "background", "orphan", or "foreground". Selects the deletion cascading strategy for the dependents. Defaults
 to background. (default "background")
      --description string   add a custom description
      --dry-run              simulate a uninstall
  -h, --help                 help for uninstall
      --ignore-not-found     Treat "release not found" as a successful uninstall
      --keep-history         remove all associated resources and mark the release as deleted, but retain the release history
      --no-hooks             prevent hooks from running during uninstallation
      --timeout duration     time to wait for any individual Kubernetes operation (like Jobs for hooks) (default 5m0s)
      --wait                 if set, will wait until all the resources are deleted before returning. It will wait for as long as --timeout

Global Flags:
      --burst-limit int                 client-side default throttling limit (default 100)
      --debug                           enable verbose output
      --kube-apiserver string           the address and the port for the Kubernetes API server
      --kube-as-group stringArray       group to impersonate for the operation, this flag can be repeated to specify multiple groups.
      --kube-as-user string             username to impersonate for the operation
      --kube-ca-file string             the certificate authority file for the Kubernetes API server connection
      --kube-context string             name of the kubeconfig context to use
      --kube-insecure-skip-tls-verify   if true, the Kubernetes API server's certificate will not be checked for validity. This will make your HTT
PS connections insecure
      --kube-tls-server-name string     server name to use for Kubernetes API server certificate validation. If it is not provided, the hostname u
sed to contact the server is used
      --kube-token string               bearer token used for authentication
      --kubeconfig string               path to the kubeconfig file
  -n, --namespace string                namespace scope for this request
      --qps float32                     queries per second used when communicating with the Kubernetes API, not including bursting
      --registry-config string          path to the registry config file (default "/home/laborant/.config/helm/registry/config.json")
      --repository-cache string         path to the directory containing cached repository indexes (default "/home/laborant/.cache/helm/repository
")
      --repository-config string        path to the file containing repository names and URLs (default "/home/laborant/.config/helm/repositories.y
aml")
laborant@k3s-01:task_5b044399$ helm uninstall prod-check --namespace prod-space
release "prod-check" uninstalled
laborant@k3s-01:task_5b044399$ helm uninstall mlflow-test --namespace mlflow-test2
release "mlflow-test" uninstalled
laborant@k3s-01:task_5b044399$ 

laborant@k3s-01:task_5b044399$ helm ls -A
NAME    NAMESPACE       REVISION        UPDATED STATUS  CHART   APP VERSION
laborant@k3s-01:task_5b044399$ 
laborant@k3s-01:task_5b044399$ cd ..
laborant@k3s-01:~$ ls
1773383447674_task_5b044399.zip  task_5b044399
laborant@k3s-01:~$ rm task_5b044399/
rm: cannot remove 'task_5b044399/': Is a directory
laborant@k3s-01:~$ rm -rfv task_5b044399/
removed 'task_5b044399/codex_last_message.md'
removed 'task_5b044399/review.md'
removed 'task_5b044399/prompt.txt'
removed 'task_5b044399/codex_stderr.log'
removed 'task_5b044399/verifier/__pycache__/verify.cpython-312.pyc'
removed directory 'task_5b044399/verifier/__pycache__'
removed 'task_5b044399/verifier/verify.py'
removed 'task_5b044399/verifier/run.sh'
removed directory 'task_5b044399/verifier'
removed 'task_5b044399/environment/helm-charts-editor/save-images.ps1'
removed 'task_5b044399/environment/helm-charts-editor/get-chart-images.ps1'
removed 'task_5b044399/environment/helm-charts-editor/script-guide.md'
removed 'task_5b044399/environment/helm-charts-editor/show_notification.ps1'
removed 'task_5b044399/environment/helm-charts-editor/load-images-to-private-registry.ps1'
removed 'task_5b044399/environment/helm-charts-editor/.gitignore'
removed 'task_5b044399/environment/helm-charts-editor/plan.yaml'
removed 'task_5b044399/environment/helm-charts-editor/category.yaml'
removed 'task_5b044399/environment/helm-charts-editor/offline_image_management.md'
removed 'task_5b044399/environment/helm-charts-editor/charts/postgresql/Chart.yaml'
removed directory 'task_5b044399/environment/helm-charts-editor/charts/postgresql'
removed 'task_5b044399/environment/helm-charts-editor/charts/eck-elasticsearch/Chart.yaml'
removed directory 'task_5b044399/environment/helm-charts-editor/charts/eck-elasticsearch'
removed 'task_5b044399/environment/helm-charts-editor/charts/phoenix/Chart.yaml'
removed directory 'task_5b044399/environment/helm-charts-editor/charts/phoenix'
removed 'task_5b044399/environment/helm-charts-editor/charts/redis-ha/Chart.yaml'
removed directory 'task_5b044399/environment/helm-charts-editor/charts/redis-ha'
removed 'task_5b044399/environment/helm-charts-editor/charts/mlflow/README.md'
removed 'task_5b044399/environment/helm-charts-editor/charts/mlflow/templates/service.yaml'
removed 'task_5b044399/environment/helm-charts-editor/charts/mlflow/templates/serviceaccount.yaml'
removed 'task_5b044399/environment/helm-charts-editor/charts/mlflow/templates/deployment.yaml'
removed 'task_5b044399/environment/helm-charts-editor/charts/mlflow/templates/configmap.yaml'
removed 'task_5b044399/environment/helm-charts-editor/charts/mlflow/templates/pvc.yaml'
removed 'task_5b044399/environment/helm-charts-editor/charts/mlflow/templates/_helpers.tpl'
removed directory 'task_5b044399/environment/helm-charts-editor/charts/mlflow/templates'
removed 'task_5b044399/environment/helm-charts-editor/charts/mlflow/LICENSE'
removed 'task_5b044399/environment/helm-charts-editor/charts/mlflow/RELEASE-NOTES.md'
removed 'task_5b044399/environment/helm-charts-editor/charts/mlflow/values.yaml'
removed 'task_5b044399/environment/helm-charts-editor/charts/mlflow/Chart.yaml'
removed 'task_5b044399/environment/helm-charts-editor/charts/mlflow/charts/postgresql/Chart.yaml'
removed directory 'task_5b044399/environment/helm-charts-editor/charts/mlflow/charts/postgresql'
removed 'task_5b044399/environment/helm-charts-editor/charts/mlflow/charts/mysql/Chart.yaml'
removed directory 'task_5b044399/environment/helm-charts-editor/charts/mlflow/charts/mysql'
removed directory 'task_5b044399/environment/helm-charts-editor/charts/mlflow/charts'
removed 'task_5b044399/environment/helm-charts-editor/charts/mlflow/.helmignore'
removed 'task_5b044399/environment/helm-charts-editor/charts/mlflow/Chart.lock'
removed 'task_5b044399/environment/helm-charts-editor/charts/mlflow/values.schema.json'
removed directory 'task_5b044399/environment/helm-charts-editor/charts/mlflow'
removed 'task_5b044399/environment/helm-charts-editor/charts/milvus/Chart.yaml'
removed directory 'task_5b044399/environment/helm-charts-editor/charts/milvus'
removed 'task_5b044399/environment/helm-charts-editor/charts/redis/Chart.yaml'
removed directory 'task_5b044399/environment/helm-charts-editor/charts/redis'
removed 'task_5b044399/environment/helm-charts-editor/charts/jenkins/Chart.yaml'
removed directory 'task_5b044399/environment/helm-charts-editor/charts/jenkins'
removed 'task_5b044399/environment/helm-charts-editor/charts/ingress-nginx/Chart.yaml'
removed directory 'task_5b044399/environment/helm-charts-editor/charts/ingress-nginx'
removed 'task_5b044399/environment/helm-charts-editor/charts/gitea/Chart.yaml'
removed directory 'task_5b044399/environment/helm-charts-editor/charts/gitea'
removed 'task_5b044399/environment/helm-charts-editor/charts/gitlab/Chart.yaml'
removed directory 'task_5b044399/environment/helm-charts-editor/charts/gitlab'
removed 'task_5b044399/environment/helm-charts-editor/charts/argo-cd/Chart.yaml'
removed directory 'task_5b044399/environment/helm-charts-editor/charts/argo-cd'
removed directory 'task_5b044399/environment/helm-charts-editor/charts'
removed directory 'task_5b044399/environment/helm-charts-editor'
removed 'task_5b044399/environment/Dockerfile'
removed directory 'task_5b044399/environment'
removed 'task_5b044399/codex_events.jsonl'
removed 'task_5b044399/scoping_notes.md'
removed 'task_5b044399/codex_env_prompt.txt'
removed directory 'task_5b044399/'
laborant@k3s-01:~$ 

laborant@k3s-01:~$ unzip 1773383447674_task_5b044399.zip 
Archive:  1773383447674_task_5b044399.zip
   creating: task_5b044399/
  inflating: task_5b044399/codex_events.jsonl  
  inflating: task_5b044399/prompt.txt  
  inflating: task_5b044399/scoping_notes.md  
  inflating: task_5b044399/codex_last_message.md  
   creating: task_5b044399/environment/
  inflating: task_5b044399/environment/Dockerfile  
   creating: task_5b044399/environment/helm-charts-editor/
  inflating: task_5b044399/environment/helm-charts-editor/plan.yaml  
  inflating: task_5b044399/environment/helm-charts-editor/offline_image_management.md  
   creating: task_5b044399/environment/helm-charts-editor/charts/
   creating: task_5b044399/environment/helm-charts-editor/charts/postgresql/
  inflating: task_5b044399/environment/helm-charts-editor/charts/postgresql/Chart.yaml  
   creating: task_5b044399/environment/helm-charts-editor/charts/eck-elasticsearch/
  inflating: task_5b044399/environment/helm-charts-editor/charts/eck-elasticsearch/Chart.yaml  
   creating: task_5b044399/environment/helm-charts-editor/charts/gitlab/
  inflating: task_5b044399/environment/helm-charts-editor/charts/gitlab/Chart.yaml  
   creating: task_5b044399/environment/helm-charts-editor/charts/argo-cd/
  inflating: task_5b044399/environment/helm-charts-editor/charts/argo-cd/Chart.yaml  
   creating: task_5b044399/environment/helm-charts-editor/charts/redis/
  inflating: task_5b044399/environment/helm-charts-editor/charts/redis/Chart.yaml  
   creating: task_5b044399/environment/helm-charts-editor/charts/phoenix/
  inflating: task_5b044399/environment/helm-charts-editor/charts/phoenix/Chart.yaml  
   creating: task_5b044399/environment/helm-charts-editor/charts/redis-ha/
  inflating: task_5b044399/environment/helm-charts-editor/charts/redis-ha/Chart.yaml  
   creating: task_5b044399/environment/helm-charts-editor/charts/mlflow/
  inflating: task_5b044399/environment/helm-charts-editor/charts/mlflow/RELEASE-NOTES.md  
  inflating: task_5b044399/environment/helm-charts-editor/charts/mlflow/LICENSE  
  inflating: task_5b044399/environment/helm-charts-editor/charts/mlflow/Chart.yaml  
   creating: task_5b044399/environment/helm-charts-editor/charts/mlflow/charts/
   creating: task_5b044399/environment/helm-charts-editor/charts/mlflow/charts/postgresql/
  inflating: task_5b044399/environment/helm-charts-editor/charts/mlflow/charts/postgresql/Chart.yaml  
   creating: task_5b044399/environment/helm-charts-editor/charts/mlflow/charts/mysql/
  inflating: task_5b044399/environment/helm-charts-editor/charts/mlflow/charts/mysql/Chart.yaml  
 extracting: task_5b044399/environment/helm-charts-editor/charts/mlflow/.helmignore  
  inflating: task_5b044399/environment/helm-charts-editor/charts/mlflow/README.md  
  inflating: task_5b044399/environment/helm-charts-editor/charts/mlflow/Chart.lock  
  inflating: task_5b044399/environment/helm-charts-editor/charts/mlflow/values.schema.json  
   creating: task_5b044399/environment/helm-charts-editor/charts/mlflow/templates/
  inflating: task_5b044399/environment/helm-charts-editor/charts/mlflow/templates/deployment.yaml  
  inflating: task_5b044399/environment/helm-charts-editor/charts/mlflow/templates/service.yaml  
  inflating: task_5b044399/environment/helm-charts-editor/charts/mlflow/templates/pvc.yaml  
  inflating: task_5b044399/environment/helm-charts-editor/charts/mlflow/templates/serviceaccount.yaml  
  inflating: task_5b044399/environment/helm-charts-editor/charts/mlflow/templates/configmap.yaml  
  inflating: task_5b044399/environment/helm-charts-editor/charts/mlflow/templates/_helpers.tpl  
  inflating: task_5b044399/environment/helm-charts-editor/charts/mlflow/values.yaml  
   creating: task_5b044399/environment/helm-charts-editor/charts/gitea/
  inflating: task_5b044399/environment/helm-charts-editor/charts/gitea/Chart.yaml  
   creating: task_5b044399/environment/helm-charts-editor/charts/jenkins/
  inflating: task_5b044399/environment/helm-charts-editor/charts/jenkins/Chart.yaml  
   creating: task_5b044399/environment/helm-charts-editor/charts/milvus/
  inflating: task_5b044399/environment/helm-charts-editor/charts/milvus/Chart.yaml  
   creating: task_5b044399/environment/helm-charts-editor/charts/ingress-nginx/
  inflating: task_5b044399/environment/helm-charts-editor/charts/ingress-nginx/Chart.yaml  
 extracting: task_5b044399/environment/helm-charts-editor/load-images-to-private-registry.ps1  
  inflating: task_5b044399/environment/helm-charts-editor/category.yaml  
 extracting: task_5b044399/environment/helm-charts-editor/.gitignore  
  inflating: task_5b044399/environment/helm-charts-editor/script-guide.md  
  inflating: task_5b044399/environment/helm-charts-editor/show_notification.ps1  
 extracting: task_5b044399/environment/helm-charts-editor/save-images.ps1  
 extracting: task_5b044399/environment/helm-charts-editor/get-chart-images.ps1  
   creating: task_5b044399/verifier/
   creating: task_5b044399/verifier/__pycache__/
  inflating: task_5b044399/verifier/__pycache__/verify.cpython-312.pyc  
  inflating: task_5b044399/verifier/run.sh  
  inflating: task_5b044399/verifier/verify.py  
  inflating: task_5b044399/codex_stderr.log  
  inflating: task_5b044399/review.md  
  inflating: task_5b044399/codex_env_prompt.txt  
laborant@k3s-01:~$ 

laborant@k3s-01:~$ rm -rfv task_5b044399/
removed 'task_5b044399/codex_last_message.md'
removed 'task_5b044399/review.md'
removed 'task_5b044399/prompt.txt'
removed 'task_5b044399/codex_stderr.log'
removed 'task_5b044399/verifier/__pycache__/verify.cpython-312.pyc'
removed directory 'task_5b044399/verifier/__pycache__'
removed 'task_5b044399/verifier/verify.py'
removed 'task_5b044399/verifier/run.sh'
removed directory 'task_5b044399/verifier'
removed 'task_5b044399/environment/helm-charts-editor/save-images.ps1'
removed 'task_5b044399/environment/helm-charts-editor/get-chart-images.ps1'
removed 'task_5b044399/environment/helm-charts-editor/script-guide.md'
removed 'task_5b044399/environment/helm-charts-editor/show_notification.ps1'
removed 'task_5b044399/environment/helm-charts-editor/load-images-to-private-registry.ps1'
removed 'task_5b044399/environment/helm-charts-editor/.gitignore'
removed 'task_5b044399/environment/helm-charts-editor/plan.yaml'
removed 'task_5b044399/environment/helm-charts-editor/category.yaml'
removed 'task_5b044399/environment/helm-charts-editor/offline_image_management.md'
removed 'task_5b044399/environment/helm-charts-editor/charts/postgresql/Chart.yaml'
removed directory 'task_5b044399/environment/helm-charts-editor/charts/postgresql'
removed 'task_5b044399/environment/helm-charts-editor/charts/eck-elasticsearch/Chart.yaml'
removed directory 'task_5b044399/environment/helm-charts-editor/charts/eck-elasticsearch'
removed 'task_5b044399/environment/helm-charts-editor/charts/phoenix/Chart.yaml'
removed directory 'task_5b044399/environment/helm-charts-editor/charts/phoenix'
removed 'task_5b044399/environment/helm-charts-editor/charts/redis-ha/Chart.yaml'
removed directory 'task_5b044399/environment/helm-charts-editor/charts/redis-ha'
removed 'task_5b044399/environment/helm-charts-editor/charts/mlflow/README.md'
removed 'task_5b044399/environment/helm-charts-editor/charts/mlflow/templates/service.yaml'
removed 'task_5b044399/environment/helm-charts-editor/charts/mlflow/templates/serviceaccount.yaml'
removed 'task_5b044399/environment/helm-charts-editor/charts/mlflow/templates/deployment.yaml'
removed 'task_5b044399/environment/helm-charts-editor/charts/mlflow/templates/configmap.yaml'
removed 'task_5b044399/environment/helm-charts-editor/charts/mlflow/templates/pvc.yaml'
removed 'task_5b044399/environment/helm-charts-editor/charts/mlflow/templates/_helpers.tpl'
removed directory 'task_5b044399/environment/helm-charts-editor/charts/mlflow/templates'
removed 'task_5b044399/environment/helm-charts-editor/charts/mlflow/LICENSE'
removed 'task_5b044399/environment/helm-charts-editor/charts/mlflow/RELEASE-NOTES.md'
removed 'task_5b044399/environment/helm-charts-editor/charts/mlflow/values.yaml'
removed 'task_5b044399/environment/helm-charts-editor/charts/mlflow/Chart.yaml'
removed 'task_5b044399/environment/helm-charts-editor/charts/mlflow/charts/postgresql/Chart.yaml'
removed directory 'task_5b044399/environment/helm-charts-editor/charts/mlflow/charts/postgresql'
removed 'task_5b044399/environment/helm-charts-editor/charts/mlflow/charts/mysql/Chart.yaml'
removed directory 'task_5b044399/environment/helm-charts-editor/charts/mlflow/charts/mysql'
removed directory 'task_5b044399/environment/helm-charts-editor/charts/mlflow/charts'
removed 'task_5b044399/environment/helm-charts-editor/charts/mlflow/.helmignore'
removed 'task_5b044399/environment/helm-charts-editor/charts/mlflow/Chart.lock'
removed 'task_5b044399/environment/helm-charts-editor/charts/mlflow/values.schema.json'
removed directory 'task_5b044399/environment/helm-charts-editor/charts/mlflow'
removed 'task_5b044399/environment/helm-charts-editor/charts/milvus/Chart.yaml'
removed directory 'task_5b044399/environment/helm-charts-editor/charts/milvus'
removed 'task_5b044399/environment/helm-charts-editor/charts/redis/Chart.yaml'
removed directory 'task_5b044399/environment/helm-charts-editor/charts/redis'
removed 'task_5b044399/environment/helm-charts-editor/charts/jenkins/Chart.yaml'
removed directory 'task_5b044399/environment/helm-charts-editor/charts/jenkins'
removed 'task_5b044399/environment/helm-charts-editor/charts/ingress-nginx/Chart.yaml'
removed directory 'task_5b044399/environment/helm-charts-editor/charts/ingress-nginx'
removed 'task_5b044399/environment/helm-charts-editor/charts/gitea/Chart.yaml'
removed directory 'task_5b044399/environment/helm-charts-editor/charts/gitea'
removed 'task_5b044399/environment/helm-charts-editor/charts/gitlab/Chart.yaml'
removed directory 'task_5b044399/environment/helm-charts-editor/charts/gitlab'
removed 'task_5b044399/environment/helm-charts-editor/charts/argo-cd/Chart.yaml'
removed directory 'task_5b044399/environment/helm-charts-editor/charts/argo-cd'
removed directory 'task_5b044399/environment/helm-charts-editor/charts'
removed directory 'task_5b044399/environment/helm-charts-editor'
removed 'task_5b044399/environment/Dockerfile'
removed directory 'task_5b044399/environment'
removed 'task_5b044399/codex_events.jsonl'
removed 'task_5b044399/scoping_notes.md'
removed 'task_5b044399/codex_env_prompt.txt'
removed directory 'task_5b044399/'
laborant@k3s-01:~$ 

laborant@k3s-01:~$ unzip 1773383447674_task_5b044399.zip 
Archive:  1773383447674_task_5b044399.zip
   creating: task_5b044399/
  inflating: task_5b044399/codex_events.jsonl  
  inflating: task_5b044399/prompt.txt  
  inflating: task_5b044399/scoping_notes.md  
  inflating: task_5b044399/codex_last_message.md  
   creating: task_5b044399/environment/
  inflating: task_5b044399/environment/Dockerfile  
   creating: task_5b044399/environment/helm-charts-editor/
  inflating: task_5b044399/environment/helm-charts-editor/plan.yaml  
  inflating: task_5b044399/environment/helm-charts-editor/offline_image_management.md  
   creating: task_5b044399/environment/helm-charts-editor/charts/
   creating: task_5b044399/environment/helm-charts-editor/charts/postgresql/
  inflating: task_5b044399/environment/helm-charts-editor/charts/postgresql/Chart.yaml  
   creating: task_5b044399/environment/helm-charts-editor/charts/eck-elasticsearch/
  inflating: task_5b044399/environment/helm-charts-editor/charts/eck-elasticsearch/Chart.yaml  
   creating: task_5b044399/environment/helm-charts-editor/charts/gitlab/
  inflating: task_5b044399/environment/helm-charts-editor/charts/gitlab/Chart.yaml  
   creating: task_5b044399/environment/helm-charts-editor/charts/argo-cd/
  inflating: task_5b044399/environment/helm-charts-editor/charts/argo-cd/Chart.yaml  
   creating: task_5b044399/environment/helm-charts-editor/charts/redis/
  inflating: task_5b044399/environment/helm-charts-editor/charts/redis/Chart.yaml  
   creating: task_5b044399/environment/helm-charts-editor/charts/phoenix/
  inflating: task_5b044399/environment/helm-charts-editor/charts/phoenix/Chart.yaml  
   creating: task_5b044399/environment/helm-charts-editor/charts/redis-ha/
  inflating: task_5b044399/environment/helm-charts-editor/charts/redis-ha/Chart.yaml  
   creating: task_5b044399/environment/helm-charts-editor/charts/mlflow/
  inflating: task_5b044399/environment/helm-charts-editor/charts/mlflow/RELEASE-NOTES.md  
  inflating: task_5b044399/environment/helm-charts-editor/charts/mlflow/LICENSE  
  inflating: task_5b044399/environment/helm-charts-editor/charts/mlflow/Chart.yaml  
   creating: task_5b044399/environment/helm-charts-editor/charts/mlflow/charts/
   creating: task_5b044399/environment/helm-charts-editor/charts/mlflow/charts/postgresql/
  inflating: task_5b044399/environment/helm-charts-editor/charts/mlflow/charts/postgresql/Chart.yaml  
   creating: task_5b044399/environment/helm-charts-editor/charts/mlflow/charts/mysql/
  inflating: task_5b044399/environment/helm-charts-editor/charts/mlflow/charts/mysql/Chart.yaml  
 extracting: task_5b044399/environment/helm-charts-editor/charts/mlflow/.helmignore  
  inflating: task_5b044399/environment/helm-charts-editor/charts/mlflow/README.md  
  inflating: task_5b044399/environment/helm-charts-editor/charts/mlflow/Chart.lock  
  inflating: task_5b044399/environment/helm-charts-editor/charts/mlflow/values.schema.json  
   creating: task_5b044399/environment/helm-charts-editor/charts/mlflow/templates/
  inflating: task_5b044399/environment/helm-charts-editor/charts/mlflow/templates/deployment.yaml  
  inflating: task_5b044399/environment/helm-charts-editor/charts/mlflow/templates/service.yaml  
  inflating: task_5b044399/environment/helm-charts-editor/charts/mlflow/templates/pvc.yaml  
  inflating: task_5b044399/environment/helm-charts-editor/charts/mlflow/templates/serviceaccount.yaml  
  inflating: task_5b044399/environment/helm-charts-editor/charts/mlflow/templates/configmap.yaml  
  inflating: task_5b044399/environment/helm-charts-editor/charts/mlflow/templates/_helpers.tpl  
  inflating: task_5b044399/environment/helm-charts-editor/charts/mlflow/values.yaml  
   creating: task_5b044399/environment/helm-charts-editor/charts/gitea/
  inflating: task_5b044399/environment/helm-charts-editor/charts/gitea/Chart.yaml  
   creating: task_5b044399/environment/helm-charts-editor/charts/jenkins/
  inflating: task_5b044399/environment/helm-charts-editor/charts/jenkins/Chart.yaml  
   creating: task_5b044399/environment/helm-charts-editor/charts/milvus/
  inflating: task_5b044399/environment/helm-charts-editor/charts/milvus/Chart.yaml  
   creating: task_5b044399/environment/helm-charts-editor/charts/ingress-nginx/
  inflating: task_5b044399/environment/helm-charts-editor/charts/ingress-nginx/Chart.yaml  
 extracting: task_5b044399/environment/helm-charts-editor/load-images-to-private-registry.ps1  
  inflating: task_5b044399/environment/helm-charts-editor/category.yaml  
 extracting: task_5b044399/environment/helm-charts-editor/.gitignore  
  inflating: task_5b044399/environment/helm-charts-editor/script-guide.md  
  inflating: task_5b044399/environment/helm-charts-editor/show_notification.ps1  
 extracting: task_5b044399/environment/helm-charts-editor/save-images.ps1  
 extracting: task_5b044399/environment/helm-charts-editor/get-chart-images.ps1  
   creating: task_5b044399/verifier/
   creating: task_5b044399/verifier/__pycache__/
  inflating: task_5b044399/verifier/__pycache__/verify.cpython-312.pyc  
  inflating: task_5b044399/verifier/run.sh  
  inflating: task_5b044399/verifier/verify.py  
  inflating: task_5b044399/codex_stderr.log  
  inflating: task_5b044399/review.md  
  inflating: task_5b044399/codex_env_prompt.txt  
laborant@k3s-01:~$ 

laborant@k3s-01:~$ zip
zipdetails  zipgrep     zipinfo     
laborant@k3s-01:~$ zipinfo 
ZipInfo 3.00 of 20 April 2009, by Greg Roelofs and the Info-ZIP group.

List name, date/time, attribute, size, compression method, etc., about files
in list (excluding those in xlist) contained in the specified .zip archive(s).
"file[.zip]" may be a wildcard name containing *, ?, [] (e.g., "[a-j]*.zip").

   usage:  zipinfo [-12smlvChMtTz] file[.zip] [list...] [-x xlist...]
      or:  unzip -Z [-12smlvChMtTz] file[.zip] [list...] [-x xlist...]

main listing-format options:             -s  short Unix "ls -l" format (def.)
  -1  filenames ONLY, one per line       -m  medium Unix "ls -l" format
  -2  just filenames but allow -h/-t/-z  -l  long Unix "ls -l" format
                                         -v  verbose, multi-page format
miscellaneous options:
  -h  print header line       -t  print totals for listed files or for all
  -z  print zipfile comment   -T  print file times in sortable decimal format
  -C  be case-insensitive     -M  page output through built-in "more"
  -x  exclude filenames that follow from listing
  -O CHARSET  specify a character encoding for DOS, Windows and OS/2 archives
  -I CHARSET  specify a character encoding for UNIX and other archives
laborant@k3s-01:~$ 

laborant@k3s-01:~$ zip
-bash: zip: command not found
laborant@k3s-01:~$ apt update
Reading package lists... Done
E: List directory /var/lib/apt/lists/partial is missing. - Acquire (13: Permission denied)
laborant@k3s-01:~$ sudo apt update
Get:1 http://security.ubuntu.com/ubuntu noble-security InRelease [126 kB]
Get:2 http://archive.ubuntu.com/ubuntu noble InRelease [256 kB]                    
Get:3 http://security.ubuntu.com/ubuntu noble-security/main amd64 Packages [1939 kB]
Get:4 http://security.ubuntu.com/ubuntu noble-security/universe amd64 Packages [1261 kB]
Get:5 http://archive.ubuntu.com/ubuntu noble-updates InRelease [126 kB]
Get:6 http://security.ubuntu.com/ubuntu noble-security/multiverse amd64 Packages [34.8 kB]
Get:7 http://security.ubuntu.com/ubuntu noble-security/restricted amd64 Packages [3398 kB]
Get:8 http://archive.ubuntu.com/ubuntu noble-backports InRelease [126 kB]                 
Get:9 http://archive.ubuntu.com/ubuntu noble/multiverse amd64 Packages [331 kB]
Get:10 http://archive.ubuntu.com/ubuntu noble/universe amd64 Packages [19.3 MB]
Get:11 http://archive.ubuntu.com/ubuntu noble/main amd64 Packages [1808 kB]
Get:12 http://archive.ubuntu.com/ubuntu noble/restricted amd64 Packages [117 kB]
Get:13 http://archive.ubuntu.com/ubuntu noble-updates/restricted amd64 Packages [3569 kB]
Get:14 http://archive.ubuntu.com/ubuntu noble-updates/main amd64 Packages [2319 kB]
Get:15 http://archive.ubuntu.com/ubuntu noble-updates/multiverse amd64 Packages [38.1 kB]
Get:16 http://archive.ubuntu.com/ubuntu noble-updates/universe amd64 Packages [2027 kB]
Get:17 http://archive.ubuntu.com/ubuntu noble-backports/multiverse amd64 Packages [695 B]
Get:18 http://archive.ubuntu.com/ubuntu noble-backports/universe amd64 Packages [36.1 kB]
Get:19 http://archive.ubuntu.com/ubuntu noble-backports/main amd64 Packages [49.5 kB]
Fetched 36.9 MB in 6s (6326 kB/s)                         
Reading package lists... Done
Building dependency tree... Done
Reading state information... Done
31 packages can be upgraded. Run 'apt list --upgradable' to see them.
laborant@k3s-01:~$ sudo apt update
Hit:1 http://security.ubuntu.com/ubuntu noble-security InRelease
Hit:2 http://archive.ubuntu.com/ubuntu noble InRelease
Hit:3 http://archive.ubuntu.com/ubuntu noble-updates InRelease
Hit:4 http://archive.ubuntu.com/ubuntu noble-backports InRelease
Reading package lists... Done
Building dependency tree... Done
Reading state information... Done
31 packages can be upgraded. Run 'apt list --upgradable' to see them.
laborant@k3s-01:~$ sudo apt install zip
Reading package lists... Done
Building dependency tree... Done
Reading state information... Done
The following NEW packages will be installed:
  zip
0 upgraded, 1 newly installed, 0 to remove and 31 not upgraded.
Need to get 176 kB of archives.
After this operation, 549 kB of additional disk space will be used.
Get:1 http://archive.ubuntu.com/ubuntu noble-updates/main amd64 zip amd64 3.0-13ubuntu0.2 [176 kB]
Fetched 176 kB in 2s (116 kB/s)
debconf: delaying package configuration, since apt-utils is not installed
Selecting previously unselected package zip.
(Reading database ... 45952 files and directories currently installed.)
Preparing to unpack .../zip_3.0-13ubuntu0.2_amd64.deb ...
Unpacking zip (3.0-13ubuntu0.2) ...
Setting up zip (3.0-13ubuntu0.2) ...
Processing triggers for man-db (2.12.0-4build2) ...
laborant@k3s-01:~$ 

laborant@k3s-01:~$ zip
Copyright (c) 1990-2008 Info-ZIP - Type 'zip "-L"' for software license.
Zip 3.0 (July 5th 2008). Usage:
zip [-options] [-b path] [-t mmddyyyy] [-n suffixes] [zipfile list] [-xi list]
  The default action is to add or replace zipfile entries from list, which
  can include the special name - to compress standard input.
  If zipfile and list are omitted, zip compresses stdin to stdout.
  -f   freshen: only changed files  -u   update: only changed or new files
  -d   delete entries in zipfile    -m   move into zipfile (delete OS files)
  -r   recurse into directories     -j   junk (don't record) directory names
  -0   store only                   -l   convert LF to CR LF (-ll CR LF to LF)
  -1   compress faster              -9   compress better
  -q   quiet operation              -v   verbose operation/print version info
  -c   add one-line comments        -z   add zipfile comment
  -@   read names from stdin        -o   make zipfile as old as latest entry
  -x   exclude the following names  -i   include only the following names
  -F   fix zipfile (-FF try harder) -D   do not add directory entries
  -A   adjust self-extracting exe   -J   junk zipfile prefix (unzipsfx)
  -T   test zipfile integrity       -X   eXclude eXtra file attributes
  -y   store symbolic links as the link instead of the referenced file
  -e   encrypt                      -n   don't compress these suffixes
  -h2  show more help
  
laborant@k3s-01:~$ zip --help
Copyright (c) 1990-2008 Info-ZIP - Type 'zip "-L"' for software license.
Zip 3.0 (July 5th 2008). Usage:
zip [-options] [-b path] [-t mmddyyyy] [-n suffixes] [zipfile list] [-xi list]
  The default action is to add or replace zipfile entries from list, which
  can include the special name - to compress standard input.
  If zipfile and list are omitted, zip compresses stdin to stdout.
  -f   freshen: only changed files  -u   update: only changed or new files
  -d   delete entries in zipfile    -m   move into zipfile (delete OS files)
  -r   recurse into directories     -j   junk (don't record) directory names
  -0   store only                   -l   convert LF to CR LF (-ll CR LF to LF)
  -1   compress faster              -9   compress better
  -q   quiet operation              -v   verbose operation/print version info
  -c   add one-line comments        -z   add zipfile comment
  -@   read names from stdin        -o   make zipfile as old as latest entry
  -x   exclude the following names  -i   include only the following names
  -F   fix zipfile (-FF try harder) -D   do not add directory entries
  -A   adjust self-extracting exe   -J   junk zipfile prefix (unzipsfx)
  -T   test zipfile integrity       -X   eXclude eXtra file attributes
  -y   store symbolic links as the link instead of the referenced file
  -e   encrypt                      -n   don't compress these suffixes
  -h2  show more help
  
laborant@k3s-01:~$ zip -h2

Extended Help for Zip

See the Zip Manual for more detailed help


Zip stores files in zip archives.  The default action is to add or replace
zipfile entries.

Basic command line:
  zip options archive_name file file ...

Some examples:
  Add file.txt to z.zip (create z if needed):      zip z file.txt
  Zip all files in current dir:                    zip z *
  Zip files in current dir and subdirs also:       zip -r z .

Basic modes:
 External modes (selects files from file system):
        add      - add new files/update existing files in archive (default)
  -u    update   - add new files/update existing files only if later date
  -f    freshen  - update existing files only (no files added)
  -FS   filesync - update if date or size changed, delete if no OS match
 Internal modes (selects entries in archive):
  -d    delete   - delete files from archive (see below)
  -U    copy     - select files in archive to copy (use with --out)

Basic options:
  -r        recurse into directories (see Recursion below)
  -m        after archive created, delete original files (move into archive)
  -j        junk directory names (store just file names)
  -q        quiet operation
  -v        verbose operation (just "zip -v" shows version information)
  -c        prompt for one-line comment for each entry
  -z        prompt for comment for archive (end with just "." line or EOF)
  -@        read names to zip from stdin (one path per line)
  -o        make zipfile as old as latest entry


Syntax:
  The full command line syntax is:

    zip [-shortopts ...] [--longopt ...] [zipfile [path path ...]] [-xi list]

  Any number of short option and long option arguments are allowed
  (within limits) as well as any number of path arguments for files
  to zip up.  If zipfile exists, the archive is read in.  If zipfile
  is "-", stream to stdout.  If any path is "-", zip stdin.

Options and Values:
  For short options that take values, use -ovalue or -o value or -o=value
  For long option values, use either --longoption=value or --longoption value
  For example:
    zip -ds 10 --temp-dir=path zipfile path1 path2 --exclude pattern pattern
  Avoid -ovalue (no space between) to avoid confusion
  In particular, be aware of 2-character options.  For example:
    -d -s is (delete, split size) while -ds is (dot size)
  Usually better to break short options across multiple arguments by function
    zip -r -dbdcds 10m -lilalf logfile archive input_directory -ll

  All args after just "--" arg are read verbatim as paths and not options.
    zip zipfile path path ... -- verbatimpath verbatimpath ...
  Use -nw to also disable wildcards, so paths are read literally:
    zip zipfile -nw -- "-leadingdashpath" "a[path].c" "path*withwildcard"
  You may still have to escape or quote arguments to avoid shell expansion

Wildcards:
  Internally zip supports the following wildcards:
    ?       (or %% or #, depending on OS) matches any single character
    *       matches any number of characters, including zero
    [list]  matches char in list (regex), can do range [ac-f], all but [!bf]
  If port supports [], must escape [ as [[] or use -nw to turn off wildcards
  For shells that expand wildcards, escape (\* or "*") so zip can recurse
    zip zipfile -r . -i "*.h"

  Normally * crosses dir bounds in path, e.g. 'a*b' can match 'ac/db'.  If
   -ws option used, * does not cross dir bounds but ** does

  For DOS and Windows, [list] is now disabled unless the new option
  -RE       enable [list] (regular expression) matching
  is used to avoid problems with file paths containing "[" and "]":
    zip files_ending_with_number -RE foo[0-9].c

Include and Exclude:
  -i pattern pattern ...   include files that match a pattern
  -x pattern pattern ...   exclude files that match a pattern
  Patterns are paths with optional wildcards and match paths as stored in
  archive.  Exclude and include lists end at next option, @, or end of line.
    zip -x pattern pattern @ zipfile path path ...

Case matching:
  On most OS the case of patterns must match the case in the archive, unless
  the -ic option is used.
  -ic       ignore case of archive entries
  This option not available on case-sensitive file systems.  On others, case
  ignored when matching files on file system but matching against archive
  entries remains case sensitive for modes -f (freshen), -U (archive copy),
  and -d (delete) because archive paths are always case sensitive.  With
  -ic, all matching ignores case, but it's then possible multiple archive
  entries that differ only in case will match.

End Of Line Translation (text files only):
  -l        change CR or LF (depending on OS) line end to CR LF (Unix->Win)
  -ll       change CR LF to CR or LF (depending on OS) line end (Win->Unix)
  If first buffer read from file contains binary the translation is skipped

Recursion:
  -r        recurse paths, include files in subdirs:  zip -r a path path ...
  -R        recurse current dir and match patterns:   zip -R a ptn ptn ...
  Use -i and -x with either to include or exclude paths
  Path root in archive starts at current dir, so if /a/b/c/file and
   current dir is /a/b, 'zip -r archive .' puts c/file in archive

Date filtering:
  -t date   exclude before (include files modified on this date and later)
  -tt date  include before (include files modified before date)
  Can use both at same time to set a date range
  Dates are mmddyyyy or yyyy-mm-dd

Deletion, File Sync:
  -d        delete files
  Delete archive entries matching internal archive paths in list
    zip archive -d pattern pattern ...
  Can use -t and -tt to select files in archive, but NOT -x or -i, so
    zip archive -d "*" -t 2005-12-27
  deletes all files from archive.zip with date of 27 Dec 2005 and later
  Note the * (escape as "*" on Unix) to select all files in archive

  -FS       file sync
  Similar to update, but files updated if date or size of entry does not
  match file on OS.  Also deletes entry from archive if no matching file
  on OS.
    zip archive_to_update -FS -r dir_used_before
  Result generally same as creating new archive, but unchanged entries
  are copied instead of being read and compressed so can be faster.
      WARNING:  -FS deletes entries so make backup copy of archive first

Compression:
  -0        store files (no compression)
  -1 to -9  compress fastest to compress best (default is 6)
  -Z cm     set compression method to cm:
              store   - store without compression, same as option -0
              deflate - original zip deflate, same as -1 to -9 (default)
            if bzip2 is enabled:
              bzip2 - use bzip2 compression (need modern unzip)

Encryption:
  -e        use standard (weak) PKZip 2.0 encryption, prompt for password
  -P pswd   use standard encryption, password is pswd

Splits (archives created as a set of split files):
  -s ssize  create split archive with splits of size ssize, where ssize nm
              n number and m multiplier (kmgt, default m), 100k -> 100 kB
  -sp       pause after each split closed to allow changing disks
      WARNING:  Archives created with -sp use data descriptors and should
                work with most unzips but may not work with some
  -sb       ring bell when pause
  -sv       be verbose about creating splits
      Split archives CANNOT be updated, but see --out and Copy Mode below

Using --out (output to new archive):
  --out oa  output to new archive oa
  Instead of updating input archive, create new output archive oa.
  Result is same as without --out but in new archive.  Input archive
  unchanged.
      WARNING:  --out ALWAYS overwrites any existing output file
  For example, to create new_archive like old_archive but add newfile1
  and newfile2:
    zip old_archive newfile1 newfile2 --out new_archive
  Cannot update split archive, so use --out to out new archive:
    zip in_split_archive newfile1 newfile2 --out out_split_archive
  If input is split, output will default to same split size
  Use -s=0 or -s- to turn off splitting to convert split to single file:
    zip in_split_archive -s 0 --out out_single_file_archive
      WARNING:  If overwriting old split archive but need less splits,
                old splits not overwritten are not needed but remain

Copy Mode (copying from archive to archive):
  -U        (also --copy) select entries in archive to copy (reverse delete)
  Copy Mode copies entries from old to new archive with --out and is used by
  zip when either no input files on command line or -U (--copy) used.
    zip inarchive --copy pattern pattern ... --out outarchive
  To copy only files matching *.c into new archive, excluding foo.c:
    zip old_archive --copy "*.c" --out new_archive -x foo.c
  If no input files and --out, copy all entries in old archive:
    zip old_archive --out new_archive

Streaming and FIFOs:
  prog1 | zip -ll z -      zip output of prog1 to zipfile z, converting CR LF
  zip - -R "*.c" | prog2   zip *.c files in current dir and stream to prog2 
  prog1 | zip | prog2      zip in pipe with no in or out acts like zip - -
  If Zip is Zip64 enabled, streaming stdin creates Zip64 archives by default
   that need PKZip 4.5 unzipper like UnZip 6.0
  WARNING:  Some archives created with streaming use data descriptors and
            should work with most unzips but may not work with some
  Can use -fz- to turn off Zip64 if input not large (< 4 GB):
    prog_with_small_output | zip archive -fz-

  Zip now can read Unix FIFO (named pipes).  Off by default to prevent zip
  from stopping unexpectedly on unfed pipe, use -FI to enable:
    zip -FI archive fifo

Dots, counts:
  -db       display running count of bytes processed and bytes to go
              (uncompressed size, except delete and copy show stored size)
  -dc       display running count of entries done and entries to go
  -dd       display dots every 10 MB (or dot size) while processing files
  -dg       display dots globally for archive instead of for each file
    zip -qdgds 10m   will turn off most output except dots every 10 MB
  -ds siz   each dot is siz processed where siz is nm as splits (0 no dots)
  -du       display original uncompressed size for each entry as added
  -dv       display volume (disk) number in format in_disk>out_disk
  Dot size is approximate, especially for dot sizes less than 1 MB
  Dot options don't apply to Scanning files dots (dot/2sec) (-q turns off)

Logging:
  -lf path  open file at path as logfile (overwrite existing file)
  -la       append to existing logfile
  -li       include info messages (default just warnings and errors)

Testing archives:
  -T        test completed temp archive with unzip before updating archive
  -TT cmd   use command cmd instead of 'unzip -tqq' to test archive
             On Unix, to use unzip in current directory, could use:
               zip archive file1 file2 -T -TT "./unzip -tqq"
             In cmd, {} replaced by temp archive path, else temp appended.
             The return code is checked for success (0 on Unix)

Fixing archives:
  -F        attempt to fix a mostly intact archive (try this first)
  -FF       try to salvage what can (may get more but less reliable)
  Fix options copy entries from potentially bad archive to new archive.
  -F tries to read archive normally and copy only intact entries, while
  -FF tries to salvage what can and may result in incomplete entries.
  Must use --out option to specify output archive:
    zip -F bad.zip --out fixed.zip
  Use -v (verbose) with -FF to see details:
    zip reallybad.zip -FF -v --out fixed.zip
  Currently neither option fixes bad entries, as from text mode ftp get.

Difference mode:
  -DF       (also --dif) only include files that have changed or are
             new as compared to the input archive
  Difference mode can be used to create incremental backups.  For example:
    zip --dif full_backup.zip -r somedir --out diff.zip
  will store all new files, as well as any files in full_backup.zip where
  either file time or size have changed from that in full_backup.zip,
  in new diff.zip.  Output archive not excluded automatically if exists,
  so either use -x to exclude it or put outside what is being zipped.

DOS Archive bit (Windows only):
  -AS       include only files with the DOS Archive bit set
  -AC       after archive created, clear archive bit of included files
      WARNING: Once the archive bits are cleared they are cleared
               Use -T to test the archive before the bits are cleared
               Can also use -sf to save file list before zipping files

Show files:
  -sf       show files to operate on and exit (-sf- logfile only)
  -su       as -sf but show escaped UTF-8 Unicode names also if exist
  -sU       as -sf but show escaped UTF-8 Unicode names instead
  Any character not in the current locale is escaped as #Uxxxx, where x
  is hex digit, if 16-bit code is sufficient, or #Lxxxxxx if 24-bits
  are needed.  If add -UN=e, Zip escapes all non-ASCII characters.

Unicode:
  If compiled with Unicode support, Zip stores UTF-8 path of entries.
  This is backward compatible.  Unicode paths allow better conversion
  of entry names between different character sets.

  New Unicode extra field includes checksum to verify Unicode path
  goes with standard path for that entry (as utilities like ZipNote
  can rename entries).  If these do not match, use below options to
  set what Zip does:
      -UN=Quit     - if mismatch, exit with error
      -UN=Warn     - if mismatch, warn, ignore UTF-8 (default)
      -UN=Ignore   - if mismatch, quietly ignore UTF-8
      -UN=No       - ignore any UTF-8 paths, use standard paths for all
  An exception to -UN=N are entries with new UTF-8 bit set (instead
  of using extra fields).  These are always handled as Unicode.

  Normally Zip escapes all chars outside current char set, but leaves
  as is supported chars, which may not be OK in path names.  -UN=Escape
  escapes any character not ASCII:
    zip -sU -UN=e archive
  Can use either normal path or escaped Unicode path on command line
  to match files in archive.

  Zip now stores UTF-8 in entry path and comment fields on systems
  where UTF-8 char set is default, such as most modern Unix, and
  and on other systems in new extra fields with escaped versions in
  entry path and comment fields for backward compatibility.
  Option -UN=UTF8 will force storing UTF-8 in entry path and comment
  fields:
      -UN=UTF8     - store UTF-8 in entry path and comment fields
  This option can be useful for multi-byte char sets on Windows where
  escaped paths and comments can be too long to be valid as the UTF-8
  versions tend to be shorter.

  Only UTF-8 comments on UTF-8 native systems supported.  UTF-8 comments
  for other systems planned in next release.

Self extractor:
  -A        Adjust offsets - a self extractor is created by prepending
             the extractor executable to archive, but internal offsets
             are then off.  Use -A to fix offsets.
  -J        Junk sfx - removes prepended extractor executable from
             self extractor, leaving a plain zip archive.

More option highlights (see manual for additional options and details):
  -b dir    when creating or updating archive, create the temp archive in
             dir, which allows using seekable temp file when writing to a
             write once CD, such archives compatible with more unzips
             (could require additional file copy if on another device)
  -MM       input patterns must match at least one file and matched files
             must be readable or exit with OPEN error and abort archive
             (without -MM, both are warnings only, and if unreadable files
             are skipped OPEN error (18) returned after archive created)
  -nw       no wildcards (wildcards are like any other character)
  -sc       show command line arguments as processed and exit
  -sd       show debugging as Zip does each step
  -so       show all available options on this system
  -X        default=strip old extra fields, -X- keep old, -X strip most
  -ws       wildcards don't span directory boundaries in paths

laborant@k3s-01:~$ cd task_5b044399/
laborant@k3s-01:task_5b044399$ ls
codex_env_prompt.txt  codex_events.jsonl  codex_last_message.md  codex_stderr.log  environment  prompt.txt  review.md  scoping_notes.md  verifier
laborant@k3s-01:task_5b044399$ cd environment/
laborant@k3s-01:environment$ ls
Dockerfile  helm-charts-editor
laborant@k3s-01:environment$ zip -r environment .
  adding: helm-charts-editor/ (stored 0%)
  adding: helm-charts-editor/save-images.ps1 (stored 0%)
  adding: helm-charts-editor/get-chart-images.ps1 (stored 0%)
  adding: helm-charts-editor/script-guide.md (deflated 31%)
  adding: helm-charts-editor/show_notification.ps1 (deflated 6%)
  adding: helm-charts-editor/load-images-to-private-registry.ps1 (stored 0%)
  adding: helm-charts-editor/.gitignore (stored 0%)
  adding: helm-charts-editor/plan.yaml (deflated 12%)
  adding: helm-charts-editor/category.yaml (deflated 3%)
  adding: helm-charts-editor/offline_image_management.md (deflated 32%)
  adding: helm-charts-editor/charts/ (stored 0%)
  adding: helm-charts-editor/charts/postgresql/ (stored 0%)
  adding: helm-charts-editor/charts/postgresql/Chart.yaml (deflated 20%)
  adding: helm-charts-editor/charts/eck-elasticsearch/ (stored 0%)
  adding: helm-charts-editor/charts/eck-elasticsearch/Chart.yaml (deflated 21%)
  adding: helm-charts-editor/charts/phoenix/ (stored 0%)
  adding: helm-charts-editor/charts/phoenix/Chart.yaml (deflated 19%)
  adding: helm-charts-editor/charts/redis-ha/ (stored 0%)
  adding: helm-charts-editor/charts/redis-ha/Chart.yaml (deflated 19%)
  adding: helm-charts-editor/charts/mlflow/ (stored 0%)
  adding: helm-charts-editor/charts/mlflow/README.md (deflated 36%)
  adding: helm-charts-editor/charts/mlflow/templates/ (stored 0%)
  adding: helm-charts-editor/charts/mlflow/templates/service.yaml (deflated 50%)
  adding: helm-charts-editor/charts/mlflow/templates/serviceaccount.yaml (deflated 37%)
  adding: helm-charts-editor/charts/mlflow/templates/deployment.yaml (deflated 67%)
  adding: helm-charts-editor/charts/mlflow/templates/configmap.yaml (deflated 30%)
  adding: helm-charts-editor/charts/mlflow/templates/pvc.yaml (deflated 49%)
  adding: helm-charts-editor/charts/mlflow/templates/_helpers.tpl (deflated 71%)
  adding: helm-charts-editor/charts/mlflow/LICENSE (deflated 36%)
  adding: helm-charts-editor/charts/mlflow/RELEASE-NOTES.md (deflated 9%)
  adding: helm-charts-editor/charts/mlflow/values.yaml (deflated 48%)
  adding: helm-charts-editor/charts/mlflow/Chart.yaml (deflated 46%)
  adding: helm-charts-editor/charts/mlflow/charts/ (stored 0%)
  adding: helm-charts-editor/charts/mlflow/charts/postgresql/ (stored 0%)
  adding: helm-charts-editor/charts/mlflow/charts/postgresql/Chart.yaml (deflated 20%)
  adding: helm-charts-editor/charts/mlflow/charts/mysql/ (stored 0%)
  adding: helm-charts-editor/charts/mlflow/charts/mysql/Chart.yaml (deflated 19%)
  adding: helm-charts-editor/charts/mlflow/.helmignore (stored 0%)
  adding: helm-charts-editor/charts/mlflow/Chart.lock (deflated 38%)
  adding: helm-charts-editor/charts/mlflow/values.schema.json (deflated 85%)
  adding: helm-charts-editor/charts/milvus/ (stored 0%)
  adding: helm-charts-editor/charts/milvus/Chart.yaml (deflated 18%)
  adding: helm-charts-editor/charts/redis/ (stored 0%)
  adding: helm-charts-editor/charts/redis/Chart.yaml (deflated 19%)
  adding: helm-charts-editor/charts/jenkins/ (stored 0%)
  adding: helm-charts-editor/charts/jenkins/Chart.yaml (deflated 18%)
  adding: helm-charts-editor/charts/ingress-nginx/ (stored 0%)
  adding: helm-charts-editor/charts/ingress-nginx/Chart.yaml (deflated 19%)
  adding: helm-charts-editor/charts/gitea/ (stored 0%)
  adding: helm-charts-editor/charts/gitea/Chart.yaml (deflated 19%)
  adding: helm-charts-editor/charts/gitlab/ (stored 0%)
  adding: helm-charts-editor/charts/gitlab/Chart.yaml (deflated 18%)
  adding: helm-charts-editor/charts/argo-cd/ (stored 0%)
  adding: helm-charts-editor/charts/argo-cd/Chart.yaml (deflated 18%)
  adding: Dockerfile (deflated 49%)
laborant@k3s-01:environment$ ls
Dockerfile  environment.zip  helm-charts-editor
laborant@k3s-01:environment$ vi environment.zip 
laborant@k3s-01:environment$ 
laborant@k3s-01:environment$ cd ..
laborant@k3s-01:task_5b044399$ ls
codex_env_prompt.txt  codex_events.jsonl  codex_last_message.md  codex_stderr.log  environment  prompt.txt  review.md  scoping_notes.md  verifier
laborant@k3s-01:task_5b044399$ cd verifier/
laborant@k3s-01:verifier$ ls
__pycache__  run.sh  verify.py
laborant@k3s-01:verifier$ zip -r verifier .
  adding: __pycache__/ (stored 0%)
  adding: __pycache__/verify.cpython-312.pyc (deflated 45%)
  adding: verify.py (deflated 69%)
  adding: run.sh (deflated 11%)
laborant@k3s-01:verifier$ 
👋  Connection closed by server
laborant@k3s-01:~$ cd task_5b044399/
laborant@k3s-01:task_5b044399$ cd environment/
laborant@k3s-01:environment$ ls
Dockerfile  environment.zip  helm-charts-editor
laborant@k3s-01:environment$ rm environment.zip 
laborant@k3s-01:environment$ zip -r environment .
  adding: helm-charts-editor/ (stored 0%)
  adding: helm-charts-editor/save-images.ps1 (stored 0%)
  adding: helm-charts-editor/get-chart-images.ps1 (stored 0%)
  adding: helm-charts-editor/script-guide.md (deflated 31%)
  adding: helm-charts-editor/show_notification.ps1 (deflated 6%)
  adding: helm-charts-editor/load-images-to-private-registry.ps1 (stored 0%)
  adding: helm-charts-editor/load-images-to-private-registry.sh (stored 0%)
  adding: helm-charts-editor/save-images.sh (stored 0%)
  adding: helm-charts-editor/.gitignore (stored 0%)
  adding: helm-charts-editor/plan.yaml (deflated 12%)
  adding: helm-charts-editor/show_notification.sh (deflated 4%)
  adding: helm-charts-editor/category.yaml (deflated 3%)
  adding: helm-charts-editor/get-chart-images.sh (stored 0%)
  adding: helm-charts-editor/offline_image_management.md (deflated 32%)
  adding: helm-charts-editor/charts/ (stored 0%)
  adding: helm-charts-editor/charts/postgresql/ (stored 0%)
  adding: helm-charts-editor/charts/postgresql/Chart.yaml (deflated 20%)
  adding: helm-charts-editor/charts/eck-elasticsearch/ (stored 0%)
  adding: helm-charts-editor/charts/eck-elasticsearch/Chart.yaml (deflated 21%)
  adding: helm-charts-editor/charts/phoenix/ (stored 0%)
  adding: helm-charts-editor/charts/phoenix/Chart.yaml (deflated 19%)
  adding: helm-charts-editor/charts/redis-ha/ (stored 0%)
  adding: helm-charts-editor/charts/redis-ha/Chart.yaml (deflated 19%)
  adding: helm-charts-editor/charts/mlflow/ (stored 0%)
  adding: helm-charts-editor/charts/mlflow/README.md (deflated 36%)
  adding: helm-charts-editor/charts/mlflow/templates/ (stored 0%)
  adding: helm-charts-editor/charts/mlflow/templates/service.yaml (deflated 50%)
  adding: helm-charts-editor/charts/mlflow/templates/serviceaccount.yaml (deflated 37%)
  adding: helm-charts-editor/charts/mlflow/templates/deployment.yaml (deflated 67%)
  adding: helm-charts-editor/charts/mlflow/templates/configmap.yaml (deflated 30%)
  adding: helm-charts-editor/charts/mlflow/templates/pvc.yaml (deflated 49%)
  adding: helm-charts-editor/charts/mlflow/templates/_helpers.tpl (deflated 71%)
  adding: helm-charts-editor/charts/mlflow/LICENSE (deflated 36%)
  adding: helm-charts-editor/charts/mlflow/RELEASE-NOTES.md (deflated 9%)
  adding: helm-charts-editor/charts/mlflow/values.yaml (deflated 48%)
  adding: helm-charts-editor/charts/mlflow/Chart.yaml (deflated 46%)
  adding: helm-charts-editor/charts/mlflow/charts/ (stored 0%)
  adding: helm-charts-editor/charts/mlflow/charts/postgresql/ (stored 0%)
  adding: helm-charts-editor/charts/mlflow/charts/postgresql/Chart.yaml (deflated 20%)
  adding: helm-charts-editor/charts/mlflow/charts/mysql/ (stored 0%)
  adding: helm-charts-editor/charts/mlflow/charts/mysql/Chart.yaml (deflated 19%)
  adding: helm-charts-editor/charts/mlflow/.helmignore (stored 0%)
  adding: helm-charts-editor/charts/mlflow/Chart.lock (deflated 38%)
  adding: helm-charts-editor/charts/mlflow/values.schema.json (deflated 85%)
  adding: helm-charts-editor/charts/milvus/ (stored 0%)
  adding: helm-charts-editor/charts/milvus/Chart.yaml (deflated 18%)
  adding: helm-charts-editor/charts/redis/ (stored 0%)
  adding: helm-charts-editor/charts/redis/Chart.yaml (deflated 19%)
  adding: helm-charts-editor/charts/jenkins/ (stored 0%)
  adding: helm-charts-editor/charts/jenkins/Chart.yaml (deflated 18%)
  adding: helm-charts-editor/charts/ingress-nginx/ (stored 0%)
  adding: helm-charts-editor/charts/ingress-nginx/Chart.yaml (deflated 19%)
  adding: helm-charts-editor/charts/gitea/ (stored 0%)
  adding: helm-charts-editor/charts/gitea/Chart.yaml (deflated 19%)
  adding: helm-charts-editor/charts/gitlab/ (stored 0%)
  adding: helm-charts-editor/charts/gitlab/Chart.yaml (deflated 18%)
  adding: helm-charts-editor/charts/argo-cd/ (stored 0%)
  adding: helm-charts-editor/charts/argo-cd/Chart.yaml (deflated 18%)
  adding: Dockerfile (deflated 49%)
laborant@k3s-01:environment$ 

Welcome to iximiuz Labs' Docker Playground! 🚀

Experiment with Docker in a safe and isolated environment.

Batteries included:

- dive: A CLI to explore container images and layers.
- cdebug: A swiss army knife of container debugging.
- crane: A CLI to manipulate container images.
- regctl: A CLI to interact with container registries.
- vim, fzf, ripgrep: Command-line file editing and searching.
- fx, jq, yq: Powerful JSON and YAML viewers and processors.
- curl, socat, websocat: A comprehensive networking toolkit.
- arkade: An efficient installer for additional tools you might require.

Additional services at your disposal:

* Port publishing: Showcase your app with its own public URL.
* Terminal sharing: Collaborate seamlessly by sharing your terminal session.
* registry.iximiuz.com: A private hub to push and pull container images.

Playground VMs are ephemeral and short-lived — terminating a VM purges
all data, including images in the private registry. Please, do not use
playgrounds for processing critical or sensitive information.


laborant@docker-01:~$ docker run --rm -it debian:trixie
Unable to find image 'debian:trixie' locally
trixie: Pulling from library/debian
866771c43bf5: Pull complete 
e6a3c865571e: Download complete 
Digest: sha256:3615a749858a1cba49b408fb49c37093db813321355a9ab7c1f9f4836341e9db
Status: Downloaded newer image for debian:trixie
root@26ec473734c1:/# shasum
bash: shasum: command not found
root@26ec473734c1:/# apt update
Get:1 http://deb.debian.org/debian trixie InRelease [140 kB]
Get:2 http://deb.debian.org/debian trixie-updates InRelease [47.3 kB]
Get:3 http://deb.debian.org/debian-security trixie-security InRelease [43.4 kB]
Get:4 http://deb.debian.org/debian trixie/main amd64 Packages [9671 kB]
Get:5 http://deb.debian.org/debian trixie-updates/main amd64 Packages [5412 B]
Get:6 http://deb.debian.org/debian-security trixie-security/main amd64 Packages [111 kB]
Fetched 10.0 MB in 1s (11.1 MB/s)                         
10 packages can be upgraded. Run 'apt list --upgradable' to see them.
root@26ec473734c1:/# apt install shasum
Error: Unable to locate package shasum
root@26ec473734c1:/# apt install sha256sum
Error: Unable to locate package sha256sum
root@26ec473734c1:/# apt search shasum 
node-shasum/stable 1.0.2-4 all
  Pure javascript function that return the sha1sum

root@26ec473734c1:/# apt install coreutils
coreutils is already the newest version (9.7-3).
coreutils set to manually installed.
Summary:
  Upgrading: 0, Installing: 0, Removing: 0, Not Upgrading: 10
root@26ec473734c1:/# sha
sha1sum       sha224sum     sha256sum     sha384sum     sha512sum     shadowconfig  
root@26ec473734c1:/# sha256sum 
1
4355a46b19d348dc2f57c046f8ef63d4538ebb936000f3c9ee954a27460dd865  -
root@26ec473734c1:/# 
exit
laborant@docker-01:~$ 
